Workbook

Sheet Summary
A1: QA Test Case Summary — All Modules
A2: Counts update automatically from each module's Status column. Test every module in both English and Arabic UI language.
A3: Module | B3: Total Test Cases | C3: Pass | D3: Fail | E3: Blocked | F3: Not Executed | G3: % Complete
A4: Departments | B4: =COUNTA(Departments!A4:A10000) | C4: =COUNTIF(Departments!F4:F10000,"Pass") | D4: =COUNTIF(Departments!F4:F10000,"Fail") | E4: =COUNTIF(Departments!F4:F10000,"Blocked") | F4: =COUNTIF(Departments!F4:F10000,"Not Executed") | G4: =IFERROR(C4/B4,0)
A5: SMS Broadcast | B5: =COUNTA('SMS Broadcast'!A4:A10000) | C5: =COUNTIF('SMS Broadcast'!F4:F10000,"Pass") | D5: =COUNTIF('SMS Broadcast'!F4:F10000,"Fail") | E5: =COUNTIF('SMS Broadcast'!F4:F10000,"Blocked") | F5: =COUNTIF('SMS Broadcast'!F4:F10000,"Not Executed") | G5: =IFERROR(C5/B5,0)
A6: Push Broadcast | B6: =COUNTA('Push Broadcast'!A4:A10000) | C6: =COUNTIF('Push Broadcast'!G4:G10000,"Pass") | D6: =COUNTIF('Push Broadcast'!G4:G10000,"Fail") | E6: =COUNTIF('Push Broadcast'!G4:G10000,"Blocked") | F6: =COUNTIF('Push Broadcast'!G4:G10000,"Not Executed") | G6: =IFERROR(C6/B6,0)
A7: Inbox Broadcast | B7: =COUNTA('Inbox Broadcast'!A4:A10000) | C7: =COUNTIF('Inbox Broadcast'!G4:G10000,"Pass") | D7: =COUNTIF('Inbox Broadcast'!G4:G10000,"Fail") | E7: =COUNTIF('Inbox Broadcast'!G4:G10000,"Blocked") | F7: =COUNTIF('Inbox Broadcast'!G4:G10000,"Not Executed") | G7: =IFERROR(C7/B7,0)
A8: MessageTemplate | B8: =COUNTA(MessageTemplate!A4:A10000) | C8: =COUNTIF(MessageTemplate!G4:G10000,"Pass") | D8: =COUNTIF(MessageTemplate!G4:G10000,"Fail") | E8: =COUNTIF(MessageTemplate!G4:G10000,"Blocked") | F8: =COUNTIF(MessageTemplate!G4:G10000,"Not Executed") | G8: =IFERROR(C8/B8,0)
A9: User Management | B9: =COUNTA('User Management'!A4:A10000) | C9: =COUNTIF('User Management'!F4:F10000,"Pass") | D9: =COUNTIF('User Management'!F4:F10000,"Fail") | E9: =COUNTIF('User Management'!F4:F10000,"Blocked") | F9: =COUNTIF('User Management'!F4:F10000,"Not Executed") | G9: =IFERROR(C9/B9,0)
A10: CreditReports | B10: =COUNTA(CreditReports!A4:A10000) | C10: =COUNTIF(CreditReports!G4:G10000,"Pass") | D10: =COUNTIF(CreditReports!G4:G10000,"Fail") | E10: =COUNTIF(CreditReports!G4:G10000,"Blocked") | F10: =COUNTIF(CreditReports!G4:G10000,"Not Executed") | G10: =IFERROR(C10/B10,0)
A11: Reports | B11: =COUNTA(Reports!A4:A10000) | C11: =COUNTIF(Reports!F4:F10000,"Pass") | D11: =COUNTIF(Reports!F4:F10000,"Fail") | E11: =COUNTIF(Reports!F4:F10000,"Blocked") | F11: =COUNTIF(Reports!F4:F10000,"Not Executed") | G11: =IFERROR(C11/B11,0)
A12: Credit Management | B12: =COUNTA('Credit Management'!A4:A10000) | C12: =COUNTIF('Credit Management'!F4:F10000,"Pass") | D12: =COUNTIF('Credit Management'!F4:F10000,"Fail") | E12: =COUNTIF('Credit Management'!F4:F10000,"Blocked") | F12: =COUNTIF('Credit Management'!F4:F10000,"Not Executed") | G12: =IFERROR(C12/B12,0)
A13: Home-Header | B13: =COUNTA('Home-Header'!A4:A10000) | C13: =COUNTIF('Home-Header'!F4:F10000,"Pass") | D13: =COUNTIF('Home-Header'!F4:F10000,"Fail") | E13: =COUNTIF('Home-Header'!F4:F10000,"Blocked") | F13: =COUNTIF('Home-Header'!F4:F10000,"Not Executed") | G13: =IFERROR(C13/B13,0)
A14: Login | B14: =COUNTA(Login!A4:A10000) | C14: =COUNTIF(Login!F4:F10000,"Pass") | D14: =COUNTIF(Login!F4:F10000,"Fail") | E14: =COUNTIF(Login!F4:F10000,"Blocked") | F14: =COUNTIF(Login!F4:F10000,"Not Executed") | G14: =IFERROR(C14/B14,0)
A15: General-CrossCutting | B15: =COUNTA('General-CrossCutting'!A4:A10000) | C15: =COUNTIF('General-CrossCutting'!F4:F10000,"Pass") | D15: =COUNTIF('General-CrossCutting'!F4:F10000,"Fail") | E15: =COUNTIF('General-CrossCutting'!F4:F10000,"Blocked") | F15: =COUNTIF('General-CrossCutting'!F4:F10000,"Not Executed") | G15: =IFERROR(C15/B15,0)
A16: TOTAL | B16: =SUM(B4:B15) | C16: =SUM(C4:C15) | D16: =SUM(D4:D15) | E16: =SUM(E4:E15) | F16: =SUM(F4:F15) | G16: =SUM(G4:G15)

Sheet Departments
A1: Dictionaries — Test Cases
A2: Execute each test case in both English and Arabic UI language. Select Status from the dropdown: Pass / Fail / Blocked / Not Executed.
A3: Test Case ID | B3: Test Scenario | C3: Precondition | D3: Test Steps | E3: Expected Result | F3: Status | G3: Actual Result | H3: Tested By | I3: Date Tested | J3: Remarks
A4: TC-DIC-001 | B4: Verify that the correct fields and controls are displayed on the Add Department form | C4: 1. The user must be logged in to the PuffinMT UI._x000D_ 2. The user must have access to the Departments tab. | D4: 1. Open the Departments page._x000D_ 2. Review the input fields on the Add Department form. | E4: The following fields and controls should be displayed on the Add Department form:_x000D_ 1. English Name_x000D_ 2. Arabic Name_x000D_ 3. Value_x000D_ 4. Active_x000D_ 5. Inactive_x000D_ 6. Reset button_x000D_ 7. Submit button | F4: Pass | H4: Automation Bot | I4: 2026-10-08 13:34
A5: TC-DIC-002 | B5: Verify the validation messages when all fields are empty | C5: 1. The user must be logged in to the PuffinMT UI._x000D_ 2. The user must have access to the Departments tab. | D5: 1. Open the Departments page._x000D_ 2. Click Add Department._x000D_ 3. Leave all fields empty and click Submit. | E5: When all fields are empty and the user clicks the Submit button, appropriate validation messages should be displayed. | F5: Pass | H5: Automation Bot | I5: 2026-10-08 13:34
A6: TC-DIC-003 | B6: Verify the mandatory fields on the Add Department form | C6: 1. The user must be logged in to the PuffinMT UI._x000D_ 2. The user must have access to the Departments tab. | D6: 1. Open the Departments page._x000D_ 2. Click Add Department._x000D_ 3. Identify the fields marked as mandatory. | E6: An asterisk should be displayed beside each mandatory field. | F6: Pass | H6: Automation Bot | I6: 2026-10-08 13:35
A7: TC-DIC-004 | B7: Verify alphanumeric input in the 'English Name' field | C7: 1. The user must be logged in to the PuffinMT UI._x000D_ 2. The user must have access to the Departments tab. | D7: 1. Open the Departments page._x000D_ 2. Click Add Department._x000D_ 3. Enter alphanumeric characters in the 'English Name' field. | E7: The 'English Name' field should accept alphanumeric characters. | F7: Pass | H7: Automation Bot | I7: 2026-10-08 13:35
A8: TC-DIC-005 | B8: Verify alphanumeric and Arabic input in the 'Arabic Name' field | C8: 1. The user must be logged in to the PuffinMT UI._x000D_ 2. The user must have access to the Departments tab. | D8: 1. Open the Departments page._x000D_ 2. Click Add Department._x000D_ 3. Enter alphanumeric and Arabic characters in the 'Arabic Name' field. | E8: The 'Arabic Name' field should accept alphanumeric and Arabic characters. | F8: Pass | H8: Automation Bot | I8: 2026-10-08 13:36
A9: TC-DIC-006 | B9: Verify alphanumeric input in the 'Value' field | C9: 1. The user must be logged in to the PuffinMT UI._x000D_ 2. The user must have access to the Departments tab. | D9: 1. Open the Departments page._x000D_ 2. Click Add Department._x000D_ 3. Enter alphanumeric characters in the 'Value' field. | E9: The 'Value' field should accept alphanumeric input. | F9: Pass | H9: Automation Bot | I9: 2026-10-08 13:37
A10: TC-DIC-007 | B10: Verify the minimum and maximum character limits for the 'Value' field | C10: 1. The user must be logged in to the PuffinMT UI._x000D_ 2. The user must have access to the Departments tab. | D10: 1. Open the Departments page._x000D_ 2. Click Add Department._x000D_ 3. Test the minimum and maximum character limits of the 'Value' field. | E10: The 'Value' field should accept a minimum of 3 characters and a maximum of 50 characters. | F10: Pass | H10: Automation Bot | I10: 2026-10-08 13:37
A11: TC-DIC-008 | B11: Verify the 'Active' and 'Inactive' radio buttons | C11: 1. The user must be logged in to the PuffinMT UI._x000D_ 2. The user must have access to the Departments tab. | D11: 1. Open the Departments page._x000D_ 2. Click Add Department._x000D_ 3. Review the 'Active' and 'Inactive' radio buttons. | E11: The 'Active' radio button should be selected by default, and the user should also be able to select the 'Inactive' radio button. | F11: Pass | H11: Automation Bot | I11: 2026-10-08 13:38
A12: TC-DIC-009 | B12: Verify that a department can be added with valid details | C12: 1. The user must be logged in to the PuffinMT UI._x000D_ 2. The user must have access to the Departments tab. | D12: 1. Open the Departments page._x000D_ 2. Click Add Department._x000D_ 3. Enter valid details in all required fields._x000D_ 4. Click Submit. | E12: When all details are valid and the user clicks the Submit button, the department should be added and displayed at the top of the list. | F12: Pass | H12: Automation Bot | I12: 2026-10-08 13:39
A13: TC-DIC-010 | B13: Verify filtering by 'English Name' using the 'Contains' condition | C13: 1. The user must be logged in to the PuffinMT UI._x000D_ 2. The user must have access to the Departments tab. | D13: 1. Select 'English Name' from the filter dropdown._x000D_ 2. Choose the 'Contains' condition._x000D_ 3. Verify that the search field appears._x000D_ 4. Enter 'John' in the search field._x000D_ 5. Click Apply/Search. | E13: Only records where the 'English Name' field contains the entered value should be displayed. | F13: Pass | H13: Automation Bot | I13: 2026-10-08 13:39
A14: TC-DIC-011 | B14: Verify filtering by 'English Name' using the 'Starts With' condition | C14: 1. The user must be logged in to the PuffinMT UI._x000D_ 2. The user must have access to the Departments tab. | D14: 1. Select 'English Name' from the filter dropdown._x000D_ 2. Choose the 'Starts With' condition._x000D_ 3. Enter the prefix 'Jo' in the search field._x000D_ 4. Click Apply/Search. | E14: Only records where the 'English Name' field starts with the entered value should be displayed. | F14: Pass | H14: Automation Bot | I14: 2026-10-08 13:39
A15: TC-DIC-012 | B15: Verify filtering by 'English Name' using the 'Ends With' condition | C15: 1. The user must be logged in to the PuffinMT UI._x000D_ 2. The user must have access to the Departments tab. | D15: 1. Select 'English Name' from the filter dropdown._x000D_ 2. Choose the 'Ends With' condition._x000D_ 3. Enter the suffix 'son' in the search field._x000D_ 4. Click Apply/Search. | E15: Only records where the 'English Name' field ends with the entered value should be displayed. | F15: Pass | H15: Automation Bot | I15: 2026-10-08 13:40
... A72: TC-DIC-069 | B72: Verify that the Last Login date and time are displayed | C72: 1. The user must be logged in._x000D_ 2. The user must have access to the Dictionary > Department tab. | D72: 1. Navigate to Dictionary > Department._x000D_ 2. Review the header or navigation bar._x000D_ 3. Locate the Last Login information. | E72: The Last Login field should display the date and time of the user's previous login. | F72: Pass | H72: Automation Bot | I72: 2026-10-08 14:00

Sheet SMS Broadcast
A1: SMS Broadcast — Test Cases
A2: Execute each test case in both English and Arabic UI language. Select Status from the dropdown: Pass / Fail / Blocked / Not Executed.
A3: Test Case ID | B3: Test Scenario | C3: Precondition | D3: Test Steps | E3: Expected Result | F3: Status | G3: Actual Result | H3: Tested By | I3: Date Tested | J3: Remarks
A4: TC-BC-01 | B4: Verify Add Broadcast opens a clean SMS broadcast creation form. | C4: The user has permission to create SMS broadcasts. | D4: 1. Log in and open Broadcast > SMS. 2. Select Add Broadcast. 3. Verify the create page title and that all SMS-specific fields are displayed. 4. Confirm that no values from a previously viewed broadcast remain populated. 5. Use Back or Cancel and verify the listing reopens without creating a record. 6. Repeat in the Arabic UI. | E4: Add Broadcast opens the correct SMS creation form without error or stale data; all labels and controls are visible, and leaving without submission creates no broadcast in either language. | F4: Not Executed | G4: Automated check passed. | H4: Automation Bot | I4: 2026-08-11 12:25
A5: TC-BC-02 | B5: Verify that From and To date filters return only SMS broadcasts within inclusive boundaries. | C5: SMS broadcasts exist before, on, and after known boundary dates. | D5: 1. open Broadcast > SMS. 2. Apply a valid From and To range containing known records. 3. Compare each displayed Scheduled Date Time or Created On value with the selected boundaries. 4. Confirm records on both boundary dates are included and out-of-range records are excluded. 5. Test a single-day range and then an invalid range where From is later than To. 6. Clear the filters and repeat in Arabic. | E5: Only records within the inclusive valid range are shown, a single-day range works, clearing restores the full authorized list, and an invalid range is blocked with a clear localized message. | F5: Not Executed | G5: Automated check passed. | H5: Automation Bot | I5: 2026-08-11 12:25
A6: TC-BC-03 | B6: Verify Broadcast Name search returns accurate SMS matches and handles no-result input. | C6: At least two SMS broadcasts have distinct known names. | D6: 1. open Broadcast > SMS. 2. Enter a complete existing Broadcast Name and submit the search. 3. Search using a unique partial value and different letter casing. 4. Verify every returned row matches the entered value according to the defined search behavior. 5. Search for a nonexistent name, then clear the search. 6. Repeat in Arabic. | E6: Exact and supported partial/case searches return only matching SMS broadcasts, nonexistent input shows a localized no-data state, and clearing the search restores the authorized list. | F6: Not Executed | G6: Automated check passed. | H6: Automation Bot | I6: 2026-08-11 12:25
A7: TC-BC-04 | B7: Verify SMS listing columns sort correctly in ascending and descending order. | C7: The SMS list contains varied names, dates, and creators. | D7: 1. open Broadcast > SMS. 2. Select the Broadcast Name header and record the ascending order; select it again for descending order. 3. Repeat for Scheduled Date Time, Created By, and Created On. 4. Verify first, middle, and last rows after each sort. 5. Confirm blank values, if present, are positioned consistently. 6. Repeat in Arabic. | E7: Each supported header toggles between correct ascending and descending order using the appropriate text or date-time comparison, with no missing or duplicated rows in either language. | F7: Not Executed | G7: Automated check passed. | H7: Automation Bot | I7: 2026-08-11 12:25
A8: TC-BC-05 | B8: Verify each SMS row displays the correct channel tag and recipient-count badge. | C8: Use SMS broadcasts with known recipient counts, including one and multiple recipients. | D8: 1. open Broadcast > SMS. 2. Locate the selected broadcasts by name. 3. Confirm each row displays the SMS tag. 4. Compare the recipient badge with the recipients accepted when the broadcast was created or with the approved source record. 5. Verify singular, multiple-recipient, and zero-recipient handling where supported. 6. Repeat in Arabic. | E8: Every selected row shows the correct SMS tag and an accurate recipient count; labels and numerals are consistent in both languages. | F8: Not Executed | G8: Automated check passed. | H8: Automation Bot | I8: 2026-08-11 12:25
A9: TC-BC-06 | B9: Verify the SMS row action menu and advanced filters show authorized options and apply correctly. | C9: The list contains SMS broadcasts in different statuses and the test role's permissions are known. | D9: 1. open Broadcast > SMS and open the three-dot menu for a known row. 2. Verify only actions permitted for its status and the logged-in role are shown. 3. Execute each non-destructive option and verify it targets the selected broadcast. 4. Open advanced filters, apply each available criterion individually and in combination. 5. Clear all criteria and confirm the original list returns. 6. Repeat in Arabic. | E9: Menus open for the correct row, unauthorized actions are hidden or disabled, permitted actions work as designed, and advanced filters return only matching records and can be cleared in both languages. | F9: Not Executed | G9: Automated check passed. | H9: Automation Bot | I9: 2026-08-11 12:25
A10: TC-BC-07 | B10: Verify Regular and Custom modes display the correct SMS form fields without retaining incompatible values. | C10: The user can create SMS broadcasts. | D10: 1. Open the SMS creation form. 2. Note the default mode and its visible required fields. 3. Enter distinguishable test values, then switch to the other mode. 4. Verify that the field set and required indicators change according to the selected mode. 5. Switch back and verify whether values are retained or cleared according to the approved design. 6. Repeat in Arabic. | E10: The selected mode is visually clear, only its applicable fields and validations are active, incompatible values are not submitted, and mode switching behaves consistently in both languages. | F10: Not Executed | G10: Automated check passed. | H10: Automation Bot | I10: 2026-08-11 12:25
A11: TC-BC-08 | B11: Verify Broadcast Name is mandatory and accepts only valid SMS name input. | C11: The user can create SMS broadcasts, and a unique valid name plus values for all other mandatory fields are available. | D11: 1. Open the SMS create form. 2. Leave Broadcast Name blank, complete other mandatory fields with valid data, and submit. 3. Repeat using spaces only. 4. Enter a valid unique name containing allowed characters and submit again. 5. If a documented maximum length exists, test values at and above the limit. 6. Repeat in Arabic. | E11: Blank or whitespace-only names are rejected with a clear message beside the field; valid input is accepted, documented length rules are enforced, and the entered name displays correctly in both languages. | F11: Not Executed | G11: Automated check passed. | H11: Automation Bot | I11: 2026-08-11 12:25
A12: TC-BC-09 | B12: Verify Department is required and lists only departments available to the logged-in user for SMS broadcasts. | C12: The test user has access to known departments and is restricted from at least one department if role rules support it. | D12: 1. Open the SMS create form and expand Department. 2. Compare available values with the user's authorized department list. 3. Leave Department unselected and attempt submission with all other mandatory fields valid. 4. Select an authorized department and continue. 5. Search or scroll for duplicate, inactive, or unauthorized entries. 6. Repeat in Arabic. | E12: The dropdown loads without duplicates, contains only authorized active departments, blocks submission when blank, and accepts a valid selection with correct localized text. | F12: Not Executed | G12: Automated check passed. | H12: Automation Bot | I12: 2026-08-11 12:25
A13: TC-BC-10 | B13: Verify SMS Sender ID is mandatory and lists only authorized active sender IDs for the selected department. | C13: The selected department has known active, inactive, and unauthorized sender IDs. | D13: 1. Open the SMS create form, select the department, and expand Sender ID. 2. Compare the list with the authorized active sender IDs. 3. Leave Sender ID blank and attempt submission with other mandatory fields valid. 4. Select a valid sender ID, change the department, and verify the list refreshes. 5. Confirm inactive, duplicate, or unauthorized IDs are absent. 6. Repeat in Arabic. | E13: Sender ID is required, the list contains each authorized active ID once for the selected department. Department changes refresh it correctly, and invalid IDs cannot be submitted. | F13: Not Executed | G13: Automated check passed. | H13: Automation Bot | I13: 2026-08-11 12:25
A14: TC-BC-11 | B14: Verify Send Now and Schedule Later modes control SMS scheduling and date-time validation correctly. | C14: The user can create SMS broadcasts, and valid future date-time values are available. | D14: 1. Open the SMS create form and note the default scheduling mode. 2. Select Send Now and verify no future date-time is required. 3. Select Schedule Later and confirm a date-time picker appears and becomes mandatory. 4. Attempt to select a past time, then select a valid future time in the application's configured time zone. 5. Switch modes and verify hidden schedule values are not submitted unexpectedly. 6. Repeat in Arabic. | E14: Send Now requires no future date, Schedule Later requires and accepts only a valid future date-time, past values are rejected, and the selected time is retained and displayed in the correct time zone in both languages. | F14: Not Executed | G14: Automated check passed. | H14: Automation Bot | I14: 2026-08-11 12:26
A15: TC-BC-12 | B15: Verify SMS recipient sample files download in Excel and CSV formats with the required template structure. | C15: The user can create SMS broadcasts and has permission to download files from the creation form. | D15: 1. Open the SMS create form. 2. Select the Excel sample-file icon and open the downloaded file. 3. Select the CSV icon and open that file. 4. Compare file names, headers, column order, example values, encoding, and mandatory-field guidance with the upload specification. 5. Confirm the templates can be populated and saved without corruption. 6. Repeat from the Arabic UI. | E15: Both sample files download and open successfully, use meaningful file names and the documented SMS recipient schema, preserve readable English/Arabic text, and are accepted as upload templates after valid data is added. | F15: Not Executed | G15: Automated check passed. | H15: Automation Bot | I15: 2026-08-11 12:26
... A151: TC-BC-148 | B151: Verify Edit and Cancel actions are removed after a broadcast crosses the buffer threshold. | C151: The user has edit and cancel permissions; both buffers are 6 minutes; a broadcast is approaching the threshold. | D151: 1. Confirm Edit and Cancel actions are available while remaining time is greater than 6 minutes. 2. Wait until remaining time is 6 minutes or less. 3. Refresh the broadcast list. 4. Observe the Actions column. | E151: After refresh, Edit and Cancel actions should no longer be available once the remaining schedule time reaches or falls below the configured buffer. | F151: Not Executed | G151: Automated check passed. | H151: Automation Bot | I151: 2026-08-11 12:26

Sheet Push Broadcast
A1: Push Broadcast — Test Cases
A2: Execute each test case in both English and Arabic UI language. Select Status from the dropdown: Pass / Fail / Blocked / Not Executed.
A3: Test Case ID | B3: Test Scenario | C3: Precondition | D3: Test Steps | E3: Expected Result | F3: Priority | G3: Status | H3: Actual Result | I3: Tested By | J3: Date Tested | K3: Remarks
A4: TC-BC-01 | B4: Verify Add Broadcast opens a clean Push broadcast creation form. | C4: The user has permission to create Push broadcasts. | D4: 1. Log in and open Broadcast > Push. 2. Select Add Broadcast. 3. Verify the create page title and all Push-specific fields are displayed. 4. Confirm no values from a previously viewed broadcast remain populated. 5. Use Back or Cancel and verify the listing reopens without creating a record. 6. Repeat in the Arabic UI. | E4: Add Broadcast opens the correct Push creation form without error or stale data; all labels and controls are visible, and leaving without submission creates no broadcast in either language. | F4: Medium | G4: Pass | H4: Automated check passed. | I4: Automation Bot | J4: 2026-08-11 12:23
A5: TC-BC-02 | B5: Verify From and To date filters return only Push broadcasts within inclusive boundaries. | C5: Push broadcasts exist before, on, and after known boundary dates. | D5: 1. Open Broadcast > Push. 2. Apply a valid From and To range containing known records. 3. Compare each displayed Scheduled Date Time or Created On value with the selected boundaries. 4. Confirm records on both boundary dates are included, and out-of-range records are excluded. 5. Test a single-day range and then an invalid range where From is later than To. 6. Clear the filters and repeat in Arabic. | E5: Only records within the inclusive valid range are shown, a single-day range works, clearing restores the full authorized list, and an invalid range is blocked with a clear localized message. | F5: Medium | G5: Pass | H5: Automated check passed. | I5: Automation Bot | J5: 2026-08-11 12:24
A6: TC-BC-03 | B6: Verify Broadcast Name search returns accurate Push matches and handles no-result input. | C6: At least two Push broadcasts have dis,tinct known names. | D6: 1. Open Broadcast > Push. 2. Enter a complete existing Broadcast Name and submit the search. 3. Search using a unique partial value and different letter casing. 4. Verify that every returned row matches the entered value according to the defined search behavior. 5. Search for a nonexistent name, then clear the search. 6. Repeat in Arabic. | E6: Exact and supported partial/case searches return only matching Push broadcasts, nonexistent input shows a localized no-data state, and clearing the search restores the authorized list. | F6: Medium | G6: Pass | H6: Automated check passed. | I6: Automation Bot | J6: 2026-08-11 12:24
A7: TC-BC-04 | B7: Verify Push listing columns sort correctly in ascending and descending order. | C7: aThe Push list contains variety ofvaried names, dates, and cre | D7: 1. Open Broadcast > Push. 2. Select the Broadcast Name header and record the ascending order; select it again for descending order. 3. Repeat for Scheduled Date Time, Created By, and Created On. 4. Check first, middle, and last rows after each sort. 5. Confirm blank values, if present, are positioned consistently. 6. Repeat in Arabic. | E7: Each supported header toggles between correct ascending and descending order using the appropriate text or date-time comparison, with no missing or duplicated rows in either language. | F7: Low | G7: Pass | H7: Automated check passed. | I7: Automation Bot | J7: 2026-08-11 12:24
A8: TC-BC-05 | B8: Verify each Push row displays the correct channel tag and recipient-count badge. | C8: Use Push broadcasts with known recipient counts, including one and multiple recipients. | D8: 1. Open Broadcast > Push. 2. Locate the selected broadcasts by name. 3. Confirm each row displays the Push tag. 4. Compare the recipient badge with the recipients accepted when the broadcast was created or with the approved source record. 5. Check singular, multiple-recipient, and zero-recipient handling where supported. 6. Repeat in Arabic. | E8: Every selected row shows the correct Push tag and an accurate recipient count; labels, numerals, and singular/plural presentation are readable and consistent in both languages. | F8: Medium | G8: Pass | H8: Automated check passed. | I8: Automation Bot | J8: 2026-08-11 12:24
A9: TC-BC-06 | B9: Verify the Push row action menu and advanced filters show authorized options and apply correctly. | C9: The list contains Push broadcasts in different statuses and the test role's permissions are known. | D9: 1. Open Broadcast > Push and open the three-dot menu for a known row. 2. Verify only actions permitted for its status and the logged-in role are shown. 3. Execute each non-destructive option and verify it targets the selected broadcast. 4. Open advanced filters, apply each available criterion individually and in combination. 5. Clear all criteria and confirm the original list returns. 6. Repeat in Arabic. | E9: Menus open for the correct row, unauthorized actions are hidden or disabled, permitted actions work as designed, and advanced filters return only matching records and can be cleared in both languages. | F9: Medium | G9: Pass | H9: Automated check passed. | I9: Automation Bot | J9: 2026-08-11 12:24
A10: TC-BC-07 | B10: Verify that Regular and Custom modes display the correct Push form fields without retaining incompatible values. | C10: The user can create Push broadcasts. | D10: 1. Open the Push create form. 2. Note the default mode and its visible required fields. 3. Enter distinguishable test values, then switch to the other mode. 4. Verify the field set and required indicators change according to the selected mode. 5. Switch back and check whether values are retained or cleared according to the approved design. 6. Repeat in Arabic. | E10: The selected mode is visually clear, only its applicable fields and validations are active, incompatible values are not submitted, and mode switching behaves consistently in both languages. | F10: Medium | G10: Pass | H10: Automated check passed. | I10: Automation Bot | J10: 2026-08-11 12:24
A11: TC-BC-08 | B11: Verify Broadcast Name is mandatory and accepts only valid Push name input. | D11: 1. Open the Push create form. 2. Leave Broadcast Name blank, complete other mandatory fields with valid data, and submit. 3. Repeat using spaces only. 4. Enter a valid, unique name containing allowed characters and submit again. 5. If a documented maximum length exists, test values at and above the limit. 6. Repeat in Arabic. | E11: Blank or whitespace-only names are rejected with a clear message beside the field; valid input is accepted, documented length rules are enforced, and the entered name displays correctly in both languages. | F11: High | G11: Pass | H11: Automated check passed. | I11: Automation Bot | J11: 2026-08-11 12:24
A12: TC-BC-09 | B12: Verify Department is required and lists only departments available to the logged-in user for Push broadcasts. | C12: The test user has access to known departments and is restricted from at least one department if role rules support it. | D12: 1. Open the Push create form and expand Department. 2. Compare available values with the user's authorized department list. 3. Leave Department unselected and attempt submission with all other mandatory fields valid. 4. Select an authorized department and continue. 5. Search or scroll for duplicate, inactive, or unauthorized entries. 6. Repeat in Arabic. | E12: The dropdown loads without duplicates, contains only authorized active departments, blocks submission when blank, and accepts a valid selection with correct localized text. | F12: High | G12: Pass | H12: Automated check passed. | I12: Automation Bot | J12: 2026-08-11 12:24
A13: TC-BC-10 | B13: Verify Send Now and Schedule Later modes control Push scheduling and date-time validation correctly. | D13: 1. Open the Push create form and note the default scheduling mode. 2. Select Send Now and verify no future date-time is required. 3. Select Schedule Later and confirm a date-time picker appears and becomes mandatory. 4. Attempt to select a past time, then select a valid future time in the application's configured time zone. 5. Switch modes and verify hidden schedule values are not submitted unexpectedly. 6. Repeat in Arabic. | E13: Send Now requires no future date, Schedule Later requires and accepts only a valid future date-time, past values are rejected, and the selected time is retained and displayed in the correct time zone in both languages. | F13: Medium | G13: Pass | H13: Automated check passed. | I13: Automation Bot | J13: 2026-08-11 12:24
A14: TC-BC-11 | B14: Verify Push recipient sample files download in Excel and CSV formats with the required template structure. | D14: 1. Open the Push create form. 2. Select the Excel sample-file icon and open the downloaded file. 3. Select the CSV icon and open that file. 4. Compare file names, headers, column order, example values, encoding, and mandatory-field guidance with the upload specification. 5. Confirm the templates can be populated and saved without corruption. 6. Repeat from the Arabic UI. | E14: Both sample files download and open successfully, use meaningful file names and the documented Push recipient schema, preserve readable English/Arabic text, and are accepted as upload templates after valid data is added. | F14: Medium | G14: Pass | H14: Automated check passed. | I14: Automation Bot | J14: 2026-08-11 12:24
A15: TC-BC-12 | B15: Verify Push recipient upload accepts valid Excel/CSV files and rejects unsupported or malformed files. | C15: Prepare valid Excel and CSV files, as well as files with unsupported extensions, missing headers, invalid rows, and excessive size if a limit is documented. | D15: 1. Open the Push create form and upload each valid file. 2. Verify the selected file name and accepted recipient count. 3. Replace it with each invalid file and observe validation. 4. Confirm invalid files cannot be submitted and errors identify the reason or row where applicable. 5. Remove the file and verify the control resets. 6. Repeat in Arabic. | E15: Valid Excel/CSV files upload with the correct name and recipient count; unsupported, malformed, or oversized files are rejected without partial submission and show clear localized validation. | F15: High | G15: Pass | H15: Automated check passed. | I15: Automation Bot | J15: 2026-08-11 12:24
A16: TC-BC-13 | B16: Verify the Push recipient Group dropdown loads authorized groups and applies the selected membership accurately. | C16: Known active, inactive, empty, and unauthorized recipient groups exist where supported. | D16: 1. Open the Push create form and expand Group. 2. Compare displayed groups with the test user's authorized active groups. 3. Select a known group and compare the shown recipient count with its current valid membership. 4. Change to another group and confirm the count refreshes. 5. Check that inactive, unauthorized, or duplicate groups are absent. 6. Repeat in Arabic. | E16: The dropdown lists each authorized active group once, selection updates the recipient set/count accurately, and unauthorized or inactive groups are not exposed in either language. | F16: Medium | G16: Pass | H16: Automated check passed. | I16: Automation Bot | J16: 2026-08-11 12:24
A17: TC-BC-14 | B17: Verify Manual Entry accepts semicolon-separated valid push tokens and calculates recipients correctly. | C17: Prepare at least three known-valid push tokens, including the exact supported delimiter format. | D17: 1. Open the Push create form and choose Manual Entry. 2. Enter one valid value and verify it is recognized. 3. Enter multiple valid values separated by semicolons, with and without a trailing semicolon. 4. Add leading/trailing spaces and a duplicate value to check normalization and duplicate handling. 5. Compare the accepted recipient count with the unique valid entries. 6. Repeat in Arabic. | E17: All correctly formatted values are accepted, delimiters and surrounding spaces are handled according to specification, duplicates are not unintentionally counted twice, and the displayed recipient count is accurate. | F17: High | G17: Pass | H17: Automated check passed. | I17: Automation Bot | J17: 2026-08-11 12:24
A18: TC-BC-15 | B18: Verify that exactly one Push recipient method is required and that conflicting methods cannot be submitted together. | D18: 1. Open the Push create form and complete all non-recipient mandatory fields. 2. Submit without File, Group, or Manual Entry. 3. Select File and confirm the other methods are cleared or disabled as designed. 4. Repeat separately with Group and Manual Entry. 5. Attempt to populate two methods by switching controls or using the approved UI test method. 6. Repeat in Arabic. | E18: Submission is blocked when no recipient method is supplied; each valid method works independently, and the system prevents or resolves multiple active methods so recipients cannot be duplicated or ambiguously sourced. | F18: High | G18: Pass | H18: Automated check passed. | I18: Automation Bot | J18: 2026-08-11 12:24
A19: TC-BC-16 | B19: Verify Push Application lists only authorized active applications and retains the selected application. | C19: Active, inactive, and unauthorized push applications exist, including Mobile_Application if configured. | D19: 1. Open the Push create form and expand Push Application. 2. Compare displayed values with the user's authorized active applications. 3. Select a known application and verify dependent templates or fields refresh correctly. 4. Change the selection and confirm the new value is retained. 5. Check that inactive, unauthorized, and duplicate entries are absent. 6. Repeat in Arabic. | E19: Each authorized active push application appears once, selection is retained and drives the correct dependent options, and unauthorized or inactive applications are not exposed. | F19: Medium | G19: Pass | H19: Automated check passed. | I19: Automation Bot | J19: 2026-08-11 12:24
A20: TC-BC-17 | B20: Verify User Field lists valid USERFIELDPUSH mappings and applies the selected mapping to Push recipients. | C20: At least two active USERFIELDPUSH mappings with known recipient data exist. | D20: 1. Open the Push create form and expand User Field. 2. Compare displayed entries with the configured active USERFIELDPUSH mappings. 3. Select each known mapping and verify its label/value is retained. 4. Complete the form with compatible recipient data and submit a test broadcast. 5. Confirm recipient resolution uses the selected field and inactive/duplicate mappings are absent. 6. Repeat in Arabic. | E20: The dropdown loads each active USERFIELDPUSH mapping once, retains the selection, resolves recipients using that field, and does not expose invalid or inactive mappings in either language. | F20: Medium | G20: Pass | H20: Automated check passed. | I20: Automation Bot | J20: 2026-08-11 12:25
A21: TC-BC-18 | B21: Verify Template Name is mandatory and lists only active templates compatible with Push and the selected context. | C21: Active, inactive, and channel-incompatible templates exist. | D21: 1. Open the Push create form and expand Template Name after selecting the required context fields. 2. Compare the list with approved active Push templates. 3. Leave it blank and attempt submission. 4. Select a valid template and verify that any preview or mapped fields use the correct content. 5. Confirm inactive, unauthorized, or incompatible templates are absent. 6. Repeat in Arabic. | E21: Only authorized active Push templates are listed, blank selection blocks submission, the selected template is retained and renders the correct content, and incompatible templates are not exposed. | F21: High | G21: Pass | H21: Automated check passed. | I21: Automation Bot | J21: 2026-08-11 12:25
A22: TC-BC-19 | B22: Verify Schedule creates one valid Push broadcast and provides an unambiguous confirmation. | C22: Prepare valid, unique broadcast data and a known recipient set. | D22: 1. Open the Push create form and complete every mandatory field with valid data. 2. Review name, department, schedule, recipient source, and template. 3. Select Schedule once and observe button state while processing. 4. Record the success message and any generated reference. 5. Refresh the listing and search for the unique name. 6. Repeat with a second unique case in Arabic. | E22: One broadcast is created per submission, duplicate clicks are prevented, a clear localized success message appears, and the saved record retains the submitted values with no duplicate entry. | F22: Medium | G22: Blocked | H22: Test skipped/blocked. | I22: Automation Bot | J22: 2026-08-11 12:25
A23: TC-BC-20 | B23: Verify a newly created Push broadcast appears in the listing with accurate schedule, creator, recipients, and channel tag. | C23: Create a uniquely named Push broadcast with a known future schedule and recipient count. | D23: 1. Return to Broadcast > Push after successful creation. 2. Search for the unique Broadcast Name. 3. Compare Scheduled Date Time, Created By, Created On, recipient count, and Push tag with the submitted values and the logged-in user. 4. Refresh the page and repeat the comparison. 5. Confirm that no duplicate row exists. 6. Repeat in Arabic. | E23: Exactly one matching row appears and persists after refresh; its schedule, creator, creation time, recipient count, and Push tag match the submitted broadcast in both languages. | F23: Medium | G23: Blocked | H23: Test skipped/blocked. | I23: Automation Bot | J23: 2026-08-11 12:25

Sheet Inbox Broadcast
A1: Inbox Broadcast — Test Cases
A2: Execute each test case in both English and Arabic UI language. Select Status from the dropdown: Pass / Fail / Blocked / Not Executed.
A3: Test Case ID | B3: Test Scenario | C3: Precondition | D3: Test Steps | E3: Expected Result | F3: Priority | G3: Status | H3: Actual Result | I3: Tested By | J3: Date Tested | K3: Remarks
A4: TC-BC-001 | B4: Verify Add Broadcast opens a clean Inbox broadcast creation form. | C4: The user has permission to create Inbox broadcasts. | D4: 1. Log in and open Broadcast > Inbox. 2. Select Add Broadcast. 3. Verify the create page title and all Inbox-specific fields are displayed. 4. Confirm no values from a previously viewed broadcast remain populated. 5. Use Back or Cancel and verify the listing reopens without creating a record. 6. Repeat in the Arabic UI. | E4: Pass | F4: Medium | G4: Pass | H4: Automated check passed. | I4: Automation Bot | J4: 2026-08-31 17:00
A5: TC-BC-002 | B5: Verify From and To date filters return only Inbox broadcasts within inclusive boundaries. | C5: Inbox broadcasts exist before, on, and after known boundary dates. | D5: 1. Open Broadcast > Inbox. 2. Apply a valid From and To range containing known records. 3. Compare each displayed Scheduled Date Time or Created On value with the selected boundaries. 4. Confirm records on both boundary dates are included and out-of-range records are excluded. 5. Test a single-day range and then an invalid range where From is later than To. 6. Clear the filters and repeat in Arabic. | E5: Pass | F5: Medium | G5: Pass | H5: Automated check passed. | I5: Automation Bot | J5: 2026-08-31 17:00
A6: TC-BC-003 | B6: Verify Broadcast Name search returns accurate Inbox matches and handles no-result input. | C6: At least two Inbox broadcasts have distinct known names. | D6: 1. Open Broadcast > Inbox. 2. Enter a complete existing Broadcast Name and submit the search. 3. Search using a unique partial value and different letter casing. 4. Verify every returned row matches the entered value according to the defined search behavior. 5. Search for a nonexistent name, then clear the search. 6. Repeat in Arabic. | E6: Pass | F6: Medium | G6: Pass | H6: Automated check passed. | I6: Automation Bot | J6: 2026-08-31 17:00
A7: TC-BC-004 | B7: Verify Inbox listing columns sort correctly in ascending and descending order. | C7: The Inbox list contains v variety ofaried names, dates, and crea | D7: 1. Open Broadcast > Inbox. 2. Select the Broadcast Name header and record the ascending order; select it again for descending order. 3. Repeat for Scheduled Date Time, Created By, and Created On. 4. Check the first, middle, and last rows after each sort. 5. Confirm blank values, if present, are positioned consistently. 6. Repeat in Arabic. | E7: Pass | F7: Low | G7: Pass | H7: Automated check passed. | I7: Automation Bot | J7: 2026-08-31 17:01
A8: TC-BC-005 | B8: Verify each Inbox row displays the correct channel tag and recipient-count badge. | C8: Use Inbox broadcasts with known recipient counts, including one and multiple recipients. | D8: 1. Open Broadcast > Inbox. 2. Locate the selected broadcasts by name. 3. Confirm each row displays the Inbox tag. 4. Compare the recipient badge with the recipients accepted when the broadcast was created or with the approved source record. 5. Check singular, multiple-recipient, and zero-recipient handling where supported. 6. Repeat in Arabic. | E8: Pass | F8: Medium | G8: Pass | H8: Automated check passed. | I8: Automation Bot | J8: 2026-08-31 17:01
A9: TC-BC-006 | B9: Verify the Inbox row action menu and advanced filters show authorized options and apply correctly. | C9: The list contains Inbox broadcasts in different statuses and the test role's permissions are known. | D9: 1. Open Broadcast > Inbox and open the three-dot menu for a known row. 2. Verify only actions permitted for its status and the logged-in role are shown. 3. Execute each non-destructive option and verify it targets the selected broadcast. 4. Open advanced filters, apply each available criterion individually and in combination. 5. Clear all criteria and confirm the original list returns. 6. Repeat in Arabic. | E9: Pass | F9: Medium | G9: Pass | H9: Automated check passed. | I9: Automation Bot | J9: 2026-08-31 17:01
A10: TC-BC-007 | B10: Verify Regular and Custom modes display the correct Inbox form fields without retaining incompatible values. | C10: The user can create Inbox broadcasts. | D10: 1. Open the Inbox create form. 2. Note the default mode and its visible required fields. 3. Enter distinguishable test values, then switch to the other mode. 4. Verify the field set and required indicators change according to the selected mode. 5. Switch back and check whether values are retained or cleared according to the approved design. 6. Repeat in Arabic. | E10: Pass | F10: Medium | G10: Pass | H10: Automated check passed. | I10: Automation Bot | J10: 2026-08-31 17:01
A11: TC-BC-008 | B11: Verify Broadcast Name is mandatory and accepts only valid Inbox name input. | D11: 1. Open the Inbox create form. 2. Leave Broadcast Name blank, complete other mandatory fields with valid data, and submit. 3. Repeat using spaces only. 4. Enter a valid, unique name containing allowed characters and submit again. 5. If a documented maximum length exists, test values at and above the limit. 6. Repeat in Arabic. | E11: Pass | F11: High | G11: Pass | H11: Automated check passed. | I11: Automation Bot | J11: 2026-08-31 17:01
A12: TC-BC-009 | B12: Verify Department is required and lists only departments available to the logged-in user for Inbox broadcasts. | C12: The test user has access to known departments and is restricted from at least one department if role rules support it. | D12: 1. Open the Inbox create form and expand Department. 2. Compare available values with the user's authorized department list. 3. Leave Department unselected and attempt submission with all other mandatory fields valid. 4. Select an authorized department and continue. 5. Search or scroll for duplicate, inactive, or unauthorized entries. 6. Repeat in Arabic. | E12: Pass | F12: High | G12: Pass | H12: Automated check passed. | I12: Automation Bot | J12: 2026-08-31 17:01
A13: TC-BC-010 | B13: Verify Send Now and Schedule Later modes control Inbox scheduling and date-time validation correctly. | D13: 1. Open the Inbox create form and note the default scheduling mode. 2. Select Send Now and verify no future date-time is required. 3. Select Schedule Later and confirm a date-time picker appears and becomes mandatory. 4. Attempt to select a past time, then select a valid future time in the application's configured time zone. 5. Switch modes and verify hidden schedule values are not submitted unexpectedly. 6. Repeat in Arabic. | E13: Pass | F13: Medium | G13: Pass | H13: Automated check passed. | I13: Automation Bot | J13: 2026-08-31 17:01
A14: TC-BC-011 | B14: Verify Inbox recipient sample files download in Excel and CSV formats with the required template structure. | D14: 1. Open the Inbox create form. 2. Select the Excel sample-file icon and open the downloaded file. 3. Select the CSV icon and open that file. 4. Compare file names, headers, column order, example values, encoding, and mandatory-field guidance with the upload specification. 5. Confirm the templates can be populated and saved without corruption. 6. Repeat from the Arabic UI. | E14: Pass | F14: Medium | G14: Pass | H14: Automated check passed. | I14: Automation Bot | J14: 2026-08-31 17:01
A15: TC-BC-012 | B15: Verify Inbox recipient upload accepts valid Excel/CSV files and rejects unsupported or malformed files. | C15: Prepare valid Excel and CSV files plus files with unsupported extension, missing headers, invalid rows, and excessive size if a limit is documented. | D15: 1. Open the Inbox create form and upload each valid file. 2. Verify the selected file name and accepted recipient count. 3. Replace it with each invalid file and observe validation. 4. Confirm invalid files cannot be submitted and errors identify the reason or row where applicable. 5. Remove the file and verify the control resets. 6. Repeat in Arabic. | E15: Pass | F15: High | G15: Pass | H15: Automated check passed. | I15: Automation Bot | J15: 2026-08-31 17:01
A16: TC-BC-013 | B16: Verify the Inbox recipient Group dropdown loads authorized groups and applies the selected membership accurately. | C16: Known active, inactive, empty, and unauthorized recipient groups exist where supported. | D16: 1. Open the Inbox create form and expand Group. 2. Compare displayed groups with the test user's authorized active groups. 3. Select a known group and compare the shown recipient count with its current valid membership. 4. Change to another group and confirm the count refreshes. 5. Check that inactive, unauthorized, or duplicate groups are absent. 6. Repeat in Arabic. | E16: Pass | F16: Medium | G16: Pass | H16: Automated check passed. | I16: Automation Bot | J16: 2026-08-31 17:01
A17: TC-BC-014 | B17: Verify Manual Entry accepts semicolon-separated valid inbox recipient identifiers and calculates recipients correctly. | C17: Prepare at least three known-valid inbox recipient identifiers, including the exact supported delimiter format. | D17: 1. Open the Inbox create form and choose Manual Entry. 2. Enter one valid value and verify it is recognized. 3. Enter multiple valid values separated by semicolons, with and without a trailing semicolon. 4. Add leading/trailing spaces and a duplicate value to check normalization and duplicate handling. 5. Compare the accepted recipient count with the unique valid entries. 6. Repeat in Arabic. | E17: Pass | F17: High | G17: Pass | H17: Automated check passed. | I17: Automation Bot | J17: 2026-08-31 17:01
A18: TC-BC-015 | B18: Verify exactly one Inbox recipient method is required and conflicting methods cannot be submitted together. | D18: 1. Open the Inbox create form and complete all non-recipient mandatory fields. 2. Submit without File, Group, or Manual Entry. 3. Select File and confirm the other methods are cleared or disabled as designed. 4. Repeat separately with Group and Manual Entry. 5. Attempt to populate two methods by switching controls or using the approved UI test method. 6. Repeat in Arabic. | E18: Pass | F18: High | G18: Pass | H18: Automated check passed. | I18: Automation Bot | J18: 2026-08-31 17:01
A19: TC-BC-016 | B19: Verify User Field lists valid USERFIELDINBOX mappings and applies the selected mapping to Inbox recipients. | C19: At least two active USERFIELDINBOX mappings with known recipient data exist. | D19: 1. Open the Inbox create form and expand User Field. 2. Compare displayed entries with the configured active USERFIELDINBOX mappings. 3. Select each known mapping and verify its label/value is retained. 4. Complete the form with compatible recipient data and submit a test broadcast. 5. Confirm recipient resolution uses the selected field and inactive/duplicate mappings are absent. 6. Repeat in Arabic. | E19: Pass | F19: Medium | G19: Pass | H19: Automated check passed. | I19: Automation Bot | J19: 2026-08-31 17:01
A20: TC-BC-017 | B20: Verify Inbox Expiry Date and Relative Expiry modes display and submit only the applicable expiry controls. | D20: 1. Open the Inbox create form and locate expiry mode. 2. Select Expiry Date and verify an absolute date/time control is shown. 3. Enter a valid value, switch to Relative Expiry, and verify duration controls replace it. 4. Enter a valid relative duration, switch back, and inspect value retention according to design. 5. Submit once in each mode using otherwise valid data. 6. Repeat in Arabic. | E20: Pass | F20: Medium | G20: Pass | H20: Automated check passed. | I20: Automation Bot | J20: 2026-08-31 17:01
A21: TC-BC-018 | B21: Verify absolute Inbox Expiry Date is mandatory, future-dated, and later than the scheduled send time. | D21: 1. Open the Inbox create form and select Expiry Date mode. 2. Complete all other mandatory fields and submit with expiry blank. 3. Enter a past date/time and submit. 4. For Schedule Later, enter an expiry equal to or earlier than the send time. 5. Enter a valid expiry later than the scheduled send and submit. 6. Repeat in Arabic. | E21: Pass | F21: High | G21: Pass | H21: Automated check passed. | I21: Automation Bot | J21: 2026-08-31 17:02
A22: TC-BC-019 | B22: Verify relative Inbox expiry calculates the final expiration time accurately from the actual send time. | C22: Use documented minimum and maximum relative-expiry units. | D22: 1. Open the Inbox create form and select Relative Expiry. 2. Enter a known duration, such as 2 days or the supported equivalent, and schedule a future send. 3. Create the broadcast and record its send and calculated expiry timestamps. 4. Independently calculate send time plus the entered duration and compare. 5. Test minimum, maximum, zero, and above-maximum values. 6. Repeat in Arabic. | E22: Pass | F22: Medium | G22: Pass | H22: Automated check passed. | I22: Automation Bot | J22: 2026-08-31 17:02
A23: TC-BC-020 | B23: Verify Template Name is mandatory and lists only active templates compatible with Inbox and the selected context. | C23: Active, inactive, and channel-incompatible templates exist. | D23: 1. Open the Inbox create form and expand Template Name after selecting required context fields. 2. Compare the list with approved active Inbox templates. 3. Leave it blank and attempt submission. 4. Select a valid template and verify any preview or mapped fields use the correct content. 5. Confirm inactive, unauthorized, or incompatible templates are absent. 6. Repeat in Arabic. | E23: Pass | F23: High | G23: Pass | H23: Automated check passed. | I23: Automation Bot | J23: 2026-08-31 17:02
A24: TC-BC-021 | B24: Verify Schedule creates one valid Inbox broadcast and provides an unambiguous confirmation. | C24: Prepare valid, unique broadcast data and a known recipient set. | D24: 1. Open the Inbox create form and complete every mandatory field with valid data. 2. Review name, department, schedule, recipient source, and template. 3. Select Schedule once and observe button state while processing. 4. Record the success message and any generated reference. 5. Refresh the listing and search for the unique name. 6. Repeat with a second unique case in Arabic. | E24: Blocked | F24: Medium | G24: Blocked | H24: Test skipped/blocked. | I24: Automation Bot | J24: 2026-08-31 17:02
A25: TC-BC-022 | B25: Verify a newly created Inbox broadcast appears in the listing with accurate schedule, creator, recipients, and channel tag. | C25: Create a uniquely named Inbox broadcast with a known future schedule and recipient count. | D25: 1. Return to Broadcast > Inbox after successful creation. 2. Search for the unique Broadcast Name. 3. Compare Scheduled Date Time, Created By, Created On, recipient count, and Inbox tag with the submitted values and logged-in user. 4. Refresh the page and repeat the comparison. 5. Confirm no duplicate row exists. 6. Repeat in Arabic. | E25: Blocked | F25: Medium | G25: Blocked | H25: Test skipped/blocked. | I25: Automation Bot | J25: 2026-08-31 17:02

Sheet MessageTemplate
A1: Dictionaries — Test Cases
A2: Execute each test case in both English and Arabic UI language. Select Status from the dropdown: Pass / Fail / Blocked / Not Executed.
A3: Test Case ID | B3: Test Scenario | C3: Precondition | D3: Test Steps | E3: Expected Result | F3: Priority | G3: Status | H3: Actual Result | I3: Tested By | J3: Date Tested | K3: Remarks
A4: TC-DIC-001 | B4: Verify Add opens a clean Message Template creation form. | C4: The user has permission to manage message templates. | D4: 1. Open Dictionaries > MessageTemplate. 2. Select Add. 3. Verify Template Name, Department, Channel, Template Type, and English/Arabic content controls are displayed. 4. Confirm required indicators and default selections are correct. 5. Cancel or go back and verify no template is created. 6. Repeat in Arabic. | E4: Pass | F4: Pass | G4: Automated check passed. | H4: Automated check passed. | I4: Automation Bot | J4: 2026-08-28 21:15
A5: TC-DIC-002 | B5: Verify the Channel filter returns only SMS, Email, Push, or Inbox templates as selected. | C5: At least one template exists for every supported channel. | D5: 1. Open MessageTemplate. 2. Select SMS and verify each row's channel/type badge. 3. Repeat for Email, Push, and Inbox. 4. Combine a channel selection with a Template Name search if supported. 5. Clear the filter and verify all authorized channels return. 6. Repeat in Arabic. | E5: Pass | F5: Pass | G5: Automated check passed. | H5: Automated check passed. | I5: Automation Bot | J5: 2026-08-28 21:15
A6: TC-DIC-003 | B6: Verify Template Name search returns accurate matches and handles no-result input. | C6: Templates with distinct known names exist. | D6: 1. Open MessageTemplate. 2. Search using a complete existing name. 3. Search using a unique partial value and different letter casing. 4. Verify every result matches the supported search rule. 5. Search for a nonexistent name, then clear the search. 6. Repeat in Arabic. | E6: Pass | F6: Pass | G6: Automated check passed. | H6: Automated check passed. | I6: Automation Bot | J6: 2026-08-28 21:15
A7: TC-DIC-004 | B7: Verify Message Template columns sort correctly in ascending and descending order. | C7: The list contains varied template names, types, users, and dates. | D7: 1. Sort Template Name ascending and descending. 2. Repeat for Template Type, Created By, Created Date, Modified By, and Modified Date. 3. Check the first, middle, and last rows after each sort. 4. Confirm dates use chronological order and blank modified values are positioned consistently. 5. Verify no rows are lost or duplicated. 6. Repeat in Arabic. | E7: Pass | F7: Pass | G7: Automated check passed. | H7: Automated check passed. | I7: Automation Bot | J7: 2026-08-28 21:16
A8: TC-DIC-005 | B8: Verify Template Name is mandatory and accepts only valid unique input. | D8: 1. Open Add Message Template. 2. Complete other mandatory fields and submit with Template Name blank, then spaces only. 3. Enter a valid unique name and submit. 4. Test documented maximum length and disallowed characters. 5. Attempt the name of an existing template, including case and whitespace variations. 6. Repeat in Arabic. | E8: Blank, invalid, overlength, or duplicate names are rejected beside the field; a valid unique name is accepted and stored exactly according to normalization rules. | F8: Pass | G8: Automated check passed. | H8: Automation Bot | I8: 2026-08-28 20:53 | J8: 2026-08-19 17:28
A9: TC-DIC-006 | B9: Verify Department selection is mandatory, supports the configured selection mode, and removable selections work. | C9: Multiple authorized departments exist. | D9: 1. Open Add Message Template and expand Department. 2. Verify only active authorized departments are listed once. 3. Submit with no selection. 4. Select one department and, if multi-select is supported, select additional departments. 5. Remove a selected item using its x control and verify the saved selection set. 6. Repeat in Arabic. | E9: No-selection submission is blocked; single/multiple selection follows configuration, x removes only the chosen item, and only authorized active departments can be saved. | F9: Pass | G9: Automated check passed. | H9: Automation Bot | I9: 2026-08-28 20:53 | J9: 2026-08-19 17:28
A10: TC-DIC-007 | B10: Verify Channel lists exactly the supported SMS, Email, Push, and Inbox options and drives dependent fields. | D10: 1. Open Add Message Template and expand Channel. 2. Verify SMS, Email, Push, and Inbox appear once with correct localized labels. 3. Select each option in turn. 4. Confirm applicable Template Type, content fields, limits, and placeholders refresh for the channel. 5. Verify a previous channel's incompatible values are cleared or ignored. 6. Repeat in Arabic. | E10: All four supported channels are available once, selection is retained, dependent controls update correctly, and incompatible hidden values are not submitted. | F10: Pass | G10: Automated check passed. | H10: Automation Bot | I10: 2026-08-28 20:53 | J10: 2026-08-19 17:28
A11: TC-DIC-008 | B11: Verify Template Type is mandatory and lists only types compatible with the selected channel. | C11: The approved Channel-to-Template-Type mapping is available. | D11: 1. Open Add Message Template and select each Channel in turn. 2. Expand Template Type and compare values with the approved mapping. 3. Leave Template Type blank and attempt submission. 4. Select a valid type, then change Channel. 5. Confirm an incompatible previous type is cleared and cannot be submitted. 6. Repeat in Arabic. | E11: Template Type is required, only channel-compatible active types are listed, and changing Channel prevents stale or incompatible type submission in both languages. | F11: Pass | G11: Automated check passed. | H11: Automation Bot | I11: 2026-08-28 20:53 | J11: 2026-08-19 17:28
A12: TC-DIC-009 | B12: Verify English and Arabic template-content tabs are both mandatory and preserve correctly directed content. | D12: 1. Open Add Message Template and complete all non-content mandatory fields. 2. Enter English content only and submit, then Arabic content only. 3. Enter distinct valid content in both tabs. 4. Switch repeatedly between tabs and confirm neither value is lost or copied into the other. 5. Save and reopen the template to compare exact text, punctuation, and direction. 6. Repeat using both UI languages. | E12: Pass | F12: Pass | G12: Automated check passed. | H12: Automated check passed. | I12: Automation Bot | J12: 2026-08-28 21:16
A13: TC-DIC-010 | B13: Verify the content editor accepts supported placeholders and rejects unknown or malformed variables per channel. | C13: Obtain approved placeholders for SMS, Email, Push, and Inbox. | D13: 1. Select each channel and insert supported placeholders using the editor or documented syntax. 2. Enter known sample values and preview if available. 3. Test an unknown variable, malformed braces/syntax, and a placeholder incompatible with the selected channel. 4. Save valid content and reopen it. 5. Trigger a controlled test rendering if supported. 6. Repeat with English and Arabic content. | E13: Pass | F13: Pass | G13: Automated check passed. | H13: Automated check passed. | I13: Automation Bot | J13: 2026-08-28 21:16
A14: TC-DIC-011 | B14: Verify Reset clears all entered Message Template values and restores defaults without saving. | D14: 1. Open Add Message Template. 2. Populate every field with distinguishable valid values, including both language tabs and placeholders. 3. Select Reset and confirm the action if prompted. 4. Inspect every field, selection, validation message, tab, and default value. 5. Return to the listing and confirm no template was created. 6. Repeat in Arabic. | E14: Pass | F14: Pass | G14: Automated check passed. | H14: Automated check passed. | I14: Automation Bot | J14: 2026-08-28 21:16
A15: TC-DIC-012 | B15: Verify a valid SMS Message Template is created with complete bilingual content and accurate listing data. | C15: Prepare a unique name, authorized department, compatible SMS type, and valid English/Arabic SMS content. | D15: 1. Open Add Message Template and enter the prepared name. 2. Select the department, SMS channel, and compatible Template Type. 3. Enter distinct valid English and Arabic content, including a supported placeholder if applicable. 4. Submit once and record the confirmation. 5. Search the listing and compare name, SMS badge/type, department, creator, and date. 6. Reopen the template and verify both contents. | E15: Pass | F15: Pass | G15: Automated check passed. | H15: Automated check passed. | I15: Automation Bot | J15: 2026-08-28 21:16
A16: TC-DIC-013 | B16: Verify a valid Push Message Template is created with channel-compatible bilingual content and accurate listing data. | C16: Prepare a unique name, authorized department, compatible Push type, and valid English/Arabic Push content. | D16: 1. Open Add Message Template and enter the prepared name. 2. Select the department, Push channel, and compatible Template Type. 3. Complete all Push-specific fields and both language contents. 4. Submit once and record the confirmation. 5. Search the listing and compare name, Push badge/type, department, creator, and date. 6. Reopen and verify all saved content. | E16: Pass | F16: Pass | G16: Automated check passed. | H16: Automated check passed. | I16: Automation Bot | J16: 2026-08-28 21:17
A17: TC-DIC-014 | B17: Verify that a valid Inbox Message Template is created with complete bilingual content and accurate listing data. | C17: Prepare a unique name, an authorized department, a compatible Inbox type, and valid English/Arabic Inbox content. | D17: 1. Open Add Message Template and enter the prepared name. 2. Select the department, Inbox channel, and compatible Template Type. 3. Complete all Inbox-specific fields and both language contents. 4. Submit once and record the confirmation. 5. Search the listing and compare the name, Inbox badge/type, department, creator, and date. 6. Reopen and verify all saved content. | E17: Pass | F17: Fail | G17: Automated check failed: Page.wait_for_selector: Timeout 15000ms exceeded. Call log: - waiting for locator("text=Message Templates, text=Add, text=Channels") to be visible | H17: Automated check passed. | I17: Automation Bot | J17: 2026-08-28 21:17

Sheet User Management
A1: User Management — Test Cases
A2: Execute each test case in both English and Arabic UI language. Select Status from the dropdown: Pass / Fail / Blocked / Not Executed.
A3: Test Case ID | B3: Test Scenario | C3: Test Steps | D3: Expected Result | E3: Priority | F3: Status | G3: Actual Result | H3: Tested By | I3: Date Tested | J3: Remarks
A4: TC-UM-001 | B4: Verify Add Role opens a clean Role Information form for an authorized administrator. | C4: Precondition: The administrator has permission to add roles. 1. Open User Management > Roles. 2. Select Add Role. 3. Verify the correct title, required controls, and default values. 4. Confirm no data from a previously viewed record remains. 5. Cancel or go back and verify no record is created. 6. Repeat in the Arabic UI. | D4: The correct form opens without stale data or errors, all controls and required indicators are readable, and leaving without submission creates no role in either language. | E4: High | F4: Not Executed
A5: TC-UM-002 | B5: Verify Roles search returns accurate matches for Role Name. | C5: Precondition: At least two roles have distinct known values. 1. Open User Management > Roles. 2. Search using a complete existing value. 3. Search using a supported unique partial value and different letter casing. 4. Verify every result matches the documented search rule. 5. Search for a nonexistent value, then clear the search. 6. Repeat in Arabic. | D5: Exact and supported partial/case searches return only matching roles; nonexistent input shows a localized empty state, and clearing restores the authorized list. | E5: High | F5: Not Executed
A6: TC-UM-003 | B6: Verify every sortable Roles column orders the complete list correctly in both directions. | C6: Precondition: The list contains varied names, statuses, departments/roles, users, and dates. 1. Open User Management > Roles. 2. Select each sortable header once for ascending and again for descending. 3. Check first, middle, and last values after each sort. 4. Confirm dates sort chronologically and text consistently. 5. Verify sorting applies across the full paginated/filtered list without duplicates. 6. Repeat in Arabic. | D6: Each supported column sorts the complete result set correctly ascending and descending, retains active filters, and introduces no missing or duplicate rows. | E6: High | F6: Not Executed
A7: TC-UM-004 | B7: Verify each role displays the correct Role Name and configured short code or tag. | C7: Precondition: Known roles have distinct names and codes such as Campaign and Admin. 1. Open Roles and locate the test records. 2. Compare each displayed name and tag with the saved role configuration. 3. Check casing, spacing, truncation, and uniqueness. 4. Edit a test role where code editing is permitted and save. 5. Refresh and confirm the correct values persist. 6. Repeat in Arabic. | D7: Every row shows the exact configured role name and code/tag without mismatch, truncation loss, or cross-role leakage; permitted changes persist after refresh. | E7: High | F7: Not Executed
A8: TC-UM-005 | B8: Verify the Active/Inactive indicator and text match each role's stored status. | C8: Precondition: Known active and inactive roles exist. 1. Locate one record in each status. 2. Compare the indicator and label with the authoritative status. 3. Confirm color is not the only status cue and contrast is readable. 4. Change a test record's status, save, and refresh. 5. Verify indicator, label, and access behavior update together. 6. Repeat in Arabic. | D8: Each role's indicator and text match its current stored status, are accessible without color alone, and update consistently after a status change. | E8: High | F8: Not Executed
A9: TC-UM-006 | B9: Verify Roles advanced filters and row menus show authorized options and target the correct role. | C9: Precondition: Records with varied attributes exist and role permissions are known. 1. Open a known row's three-dot menu. 2. Verify only authorized actions are displayed. 3. Execute each non-destructive action and confirm it targets that row. 4. Apply available advanced filters individually and in combination. 5. Clear filters and confirm the original authorized list returns. 6. Repeat in Arabic. | D9: Menus act only on the selected role, unauthorized actions are hidden or disabled, and filters return only matching records and clear completely. | E9: Medium | F9: Not Executed
A10: TC-UM-007 | B10: Verify authorized role edit and delete actions work with confirmation and dependency protection. | C10: Precondition: Prepare one removable role and one protected or in-use role. 1. Edit the removable record, save valid changes, and verify audit fields. 2. Start deletion, cancel, and confirm it remains. 3. Confirm deletion and verify only that record is removed once. 4. Attempt to delete the protected/in-use record. 5. Verify a clear dependency or self-protection message and no access orphaning. 6. Repeat in Arabic. | D10: Valid edits persist; cancelled deletion changes nothing; confirmed deletion removes only eligible records; assigned, protected, current-admin, or dependent records are safely blocked according to policy. | E10: High | F10: Not Executed
A11: TC-UM-008 | B11: Verify Role Name is mandatory, valid, and unique under the documented comparison rules. | C11: 1. Open Add Role and complete other required fields. 2. Submit with Role Name blank, then spaces only. 3. Test invalid characters and documented length boundaries. 4. Attempt an existing name with case and whitespace variations. 5. Enter a valid unique name and submit. 6. Repeat in Arabic. | D11: Blank, invalid, overlength, or duplicate role names are rejected beside the field; a valid unique name is normalized and accepted without creating duplicate records. | E11: High | F11: Not Executed
A12: TC-UM-009 | B12: Verify Role Description is mandatory and preserves valid bilingual explanatory text. | C12: 1. Open Add Role and complete other required fields. 2. Submit with Description blank and spaces only. 3. Enter valid English and Arabic descriptions with punctuation and line breaks. 4. Test documented maximum length and unsafe markup. 5. Save and reopen the role to compare exact text. 6. Repeat in Arabic. | D12: Blank or invalid descriptions are rejected, valid bilingual text is saved without corruption or unsafe rendering, and length rules are enforced clearly. | E12: High | F12: Not Executed
A13: TC-UM-010 | B13: Verify the Active/Inactive toggle defaults correctly and persists the selected role status. | C13: 1. Open the Role Information form and record the default status. 2. Select Inactive, save a valid test record, and verify its listing status. 3. Edit it to Active and save. 4. Refresh and sign out/in where relevant. 5. Verify inactive access is denied and active access follows assigned permissions. 6. Repeat in Arabic. | D13: The documented default is used, the selected status persists and matches the listing indicator, and authentication/access behavior enforces the saved state. | E13: Medium | F13: Not Executed
A14: TC-UM-011 | B14: Verify the permissions grid loads the complete authoritative module/screen and action matrix. | C14: Precondition: Obtain the approved permission catalogue. 1. Open Add Role and wait for the grid to load. 2. Compare every module/screen row with the catalogue, including report, application, campaign, and balance permissions. 3. Compare supported Add/Edit/Delete/Approve/Assign actions per row. 4. Check duplicates, missing entries, inactive items, and loading failures. 5. Search/scroll through the entire grid. 6. Repeat in Arabic. | D14: The grid contains every active authorized permission exactly once with only applicable actions, no missing/duplicate rows, and accurate localized labels. | E14: High | F14: Not Executed
A15: TC-UM-012 | B15: Verify each permission-row Select All controls every applicable action in that row only. | C15: 1. Open the permissions grid and choose a row with multiple actions. 2. Select its row-level Select All. 3. Verify all applicable Add/Edit/Delete/Approve/Assign controls turn on and unrelated rows remain unchanged. 4. Clear one individual action and check the Select All state becomes partial/cleared as designed. 5. Clear Select All and verify all row actions turn off. 6. Repeat on another row and in Arabic. | D15: Row-level Select All toggles every applicable action only in its row, accurately reflects partial selections, and does not enable unsupported or unrelated permissions. | E15: High | F15: Not Executed
... A46: TC-UM-043 | B46: Verify the new user's authentication and effective access exactly match assigned role permissions. | C46: Precondition: Assign deliberate allowed and denied permissions across one or more roles. 1. Sign in as the active AD user. 2. Verify allowed modules and actions are visible and executable. 3. Verify denied menus/actions are absent or disabled. 4. Attempt direct URLs and approved direct requests for denied operations. 5. Test combined-role permission behavior, then deactivate the user and retry login. 6. Repeat in Arabic. | D46: The active user authenticates and receives exactly the approved effective permissions; denied direct access is rejected without leakage, and an inactive user cannot log in. | E46: High | F46: Not Executed

Sheet CreditReports
A1: Credit Reports — Test Cases
A2: Execute each test case in both English and Arabic UI language. Select Status from the dropdown: Pass / Fail / Blocked / Not Executed.
A3: Test Case ID | B3: Test Scenario | C3: Precondition | D3: Test Steps | E3: Expected Result | F3: Priority | G3: Status | H3: Actual Result | I3: Tested By | J3: Date Tested | K3: Remarks
A4: TC-CR-001 | B4: Verify Admin Push Consumption Report loads for a valid date range and applies the selected dates correctly. | C4: The admin account has access to Credit Reports, and push consumption exists within a known date range. | D4: 1. Log in as an admin and open Credit Reports > Admin Push Consumption Report. 2. Record the default From and To dates. 3. Select a valid custom From and To date containing known transactions, then apply the filter. 4. Verify the selected dates remain displayed and review the earliest and latest returned records. 5. Change to a different valid range and apply again. 6. Repeat steps 1–5 in the Arabic UI. | E4: Blocked | F4: Medium | G4: Blocked | H4: Test skipped/blocked. | I4: Automation Bot | J4: 2026-08-31 17:05
A5: TC-CR-002 | B5: Verify Admin Push Consumption Report values match the authoritative push-credit transaction records. | C5: Obtain an approved source extract or transaction log for a known date range. | D5: 1. Log in as an admin and open the Admin Push Consumption Report. 2. Filter the report to the same date range as the source extract. 3. Compare at least three records using their available identifiers, user/department, timestamp, and credits consumed. 4. Sum the source credits and compare the result with the report total. 5. Confirm that cancelled, failed, or reversed transactions are handled according to the business rule. 6. Repeat the validation in the Arabic UI. | E5: Blocked | F5: Medium | G5: Blocked | H5: Test skipped/blocked. | I5: Automation Bot | J5: 2026-08-31 17:05
A6: TC-CR-003 | B6: Verify the filtered Admin Push Consumption Report exports successfully to Excel and PDF with accurate content. | C6: The report contains multiple records for a known date range. | D6: 1. Open the Admin Push Consumption Report and apply a date range. 2. Note the active filters, displayed row count, and total credits. 3. Export the report to Excel and open the downloaded file. 4. Export the same report to PDF and open the downloaded file. 5. Compare report title, date range, column headings, record count, values, and totals with the on-screen report. 6. Check that Arabic text is readable and correctly aligned after repeating the export in the Arabic UI. | E6: Blocked | F6: Medium | G6: Blocked | H6: Test skipped/blocked. | I6: Automation Bot | J6: 2026-08-31 17:05
A7: TC-CR-004 | B7: Verify pagination displays all Admin Push Consumption records once and preserves filters while navigating pages. | C7: The selected date range contains more records than one page can display. | D7: 1. Open the Admin Push Consumption Report and apply the qualifying date range. 2. Record the total record count and current page size. 3. Navigate to the next, previous, first, and last pages using the available controls. 4. Confirm the first and last record identifiers on each visited page and check for duplicates or missing records. 5. Change the page size, if available, and verify that the page count recalculates. 6. Confirm the active date filter remains unchanged; repeat in Arabic. | E7: Blocked | F7: Medium | G7: Blocked | H7: Test skipped/blocked. | I7: Automation Bot | J7: 2026-08-31 17:05
A8: TC-CR-005 | B8: Verify Admin Push Consumption Report shows a clear empty state when no records match the filters. | C8: Identify a valid date range known to contain no push consumption records. | D8: 1. Open the Admin Push Consumption Report. 2. Apply the no-data date range. 3. Observe the report body, totals area, pagination controls, and export controls. 4. Confirm no previous search results remain visible. 5. Apply a date range with data to confirm the report recovers normally. 6. Repeat in the Arabic UI. | E8: Blocked | F8: Medium | G8: Blocked | H8: Test skipped/blocked. | I8: Automation Bot | J8: 2026-08-31 17:05
A9: TC-CR-006 | B9: Verify Admin SMS Consumption Report loads for a valid date range and applies the selected dates correctly. | C9: Admin account has access and SMS consumption exists within a known date range. | D9: 1. Log in as an admin and open Credit Reports > Admin SMS Consumption Report. 2. Record the default From and To dates. 3. Apply a valid custom range containing known SMS transactions. 4. Verify the selected dates remain displayed and inspect the earliest and latest returned records. 5. Apply a second valid range and confirm the results refresh. 6. Repeat in the Arabic UI. | E9: Blocked | F9: Medium | G9: Blocked | H9: Test skipped/blocked. | I9: Automation Bot | J9: 2026-08-31 17:05
A10: TC-CR-007 | B10: Verify Admin SMS Consumption Report counts and consumed credits match authoritative SMS transaction records. | C10: Obtain an approved SMS gateway or billing extract for a known date range. | D10: 1. Open the Admin SMS Consumption Report and use the same date range as the source extract. 2. Compare at least three records by available identifier, sender/user, timestamp, message count, and consumed credits. 3. Check how multipart, failed, cancelled, and reversed messages are counted according to the business rule. 4. Sum message counts and credits in the source and compare them with report totals. 5. Repeat in Arabic. | E10: Blocked | F10: Medium | G10: Blocked | H10: Test skipped/blocked. | I10: Automation Bot | J10: 2026-08-31 17:05
A11: TC-CR-008 | B11: Verify the filtered Admin SMS Consumption Report exports successfully with complete and accurate data. | C11: The report contains records for a known date range. | D11: 1. Open the Admin SMS Consumption Report and apply a date range and any available filters. 2. Record the displayed row count and totals. 3. Use each available export or download option and open the downloaded file. 4. Compare the title, filters, headers, row count, transaction values, and totals against the screen. 5. Verify file naming and readable date/time formatting. 6. Repeat the export in Arabic and check text rendering and alignment. | E11: Blocked | F11: Medium | G11: Blocked | H11: Test skipped/blocked. | I11: Automation Bot | J11: 2026-08-31 17:05
A12: TC-CR-009 | B12: Verify Admin SMS Consumption Report can be filtered by department and user without returning unrelated records. | C12: Test data contains at least two departments and multiple users with SMS consumption. | D12: 1. Open the Admin SMS Consumption Report for a date range containing the test data. 2. Filter by one department and verify every returned row belongs to it. 3. Within that department, filter by one user and verify every row belongs to that user. 4. Clear the user filter, then clear all filters, confirming the record count updates each time. 5. Search for a valid user and a nonexistent value. 6. Repeat in Arabic. | E12: Blocked | F12: Medium | G12: Blocked | H12: Test skipped/blocked. | I12: Automation Bot | J12: 2026-08-31 17:05
A13: TC-CR-010 | B13: Verify Admin SMS Consumption Report totals are calculated from the complete filtered result set. | C13: Use a date range with known SMS records across more than one page. | D13: 1. Open the report and apply the date range. 2. Independently sum the visible numeric fields using the authoritative source or exported data. 3. Compare message count and credit totals with the report totals. 4. Apply a department or user filter and recalculate the expected totals. 5. Navigate between pages and confirm totals do not incorrectly change to page-only values. 6. Repeat in Arabic. | E13: Blocked | F13: Medium | G13: Blocked | H13: Test skipped/blocked. | I13: Automation Bot | J13: 2026-08-31 17:05
A14: TC-CR-011 | B14: Verify User Push Consumption Report displays only the logged-in user's accurate push-credit consumption. | C14: ,A test user has known push transactions and another user has separate transactions in the same period. | D14: 1. Log in as the test user and open Credit Reports > User Push Consumption Report. 2. Apply the known date range. 3. Compare at least three displayed records and the total credits with the authoritative source. 4. Search the results for identifiers belonging to the other user. 5. Log out and repeat with a second test user. 6. Repeat both checks in Arabic. | E14: Blocked | F14: Medium | G14: Blocked | H14: Test skipped/blocked. | I14: Automation Bot | J14: 2026-08-31 17:05
A15: TC-CR-012 | B15: Verify the date range filter on User Push Consumption Report handles valid ranges and boundary dates correctly. | D15: 1. Log in as the user and open the User Push Consumption Report. 2. Apply a range whose first and last dates both contain transactions. 3. Confirm records on both boundary dates are included and out-of-range records are excluded. 4. Apply a single-day range and verify only that day's records appear. 5. Attempt an invalid range where From is after To and observe validation. 6. Repeat in Arabic. | E15: Blocked | F15: Medium | G15: Blocked | H15: Test skipped/blocked. | I15: Automation Bot | J15: 2026-08-31 17:05
A16: TC-CR-013 | B16: Verify User Push Consumption Report exports only the logged-in user's filtered records. | C16: The user has multiple push transactions in a known date range. | D16: 1. Log in as the user, open the report, and apply the date range. 2. Record the on-screen filters, row count, and total credits. 3. Use each available export option and open the downloaded file. 4. Compare the exported rows and total with the screen and authoritative source. 5. Confirm no admin-only fields or other users' data are present. 6. Repeat in Arabic and verify text rendering. | E16: Blocked | F16: Medium | G16: Blocked | H16: Test skipped/blocked. | I16: Automation Bot | J16: 2026-08-31 17:05
A17: TC-CR-014 | B17: Verify a user cannot access another user's Push Consumption Report data through the UI or a modified request. | C17: ,Two test users have distinct push-consumption records and their identifiers are known. | D17: 1. Log in as User A and open the User Push Consumption Report. 2. Confirm User B's records are absent from results and exports. 3. If the application exposes a record or user identifier in the request, replace User A's identifier with User B's using the approved security-testing method. 4. Submit the request and record the response. 5. Try opening any copied direct URL for User B's report or record. 6. Repeat in Arabic. | E17: Blocked | F17: High | G17: Blocked | H17: Test skipped/blocked. | I17: Automation Bot | J17: 2026-08-31 17:05
A18: TC-CR-015 | B18: Verify User SMS Consumption Report displays only the logged-in user's accurate SMS consumption. | C18: A test user has known SMS transactions, and another user has separate transactions in the same period. | D18: 1. Log in as the test user and open Credit Reports > User SMS Consumption Report. 2. Apply the known date range. 3. Compare at least three records, message counts, consumed credits, and totals with the authoritative source. 4. Check that no records belonging to the other user appear. 5. Repeat with a second test user. 6. Repeat both checks in Arabic. | E18: Blocked | F18: Medium | G18: Blocked | H18: Test skipped/blocked. | I18: Automation Bot | J18: 2026-08-31 17:05
A19: TC-CR-016 | B19: Verify the date range filter on User SMS Consumption Report handles valid ranges and boundary dates correctly. | D19: 1. Log in as the user and open the User SMS Consumption Report. 2. Apply a range containing transactions on both boundary dates. 3. Confirm that boundary records are included and records outside the range are excluded. 4. Apply a single-day range and verify the result. 5. Attempt a From date later than the To date. 6. Repeat in Arabic. | E19: Blocked | F19: Medium | G19: Blocked | H19: Test skipped/blocked. | I19: Automation Bot | J19: 2026-08-31 17:05
A20: TC-CR-017 | B20: Verify User SMS Consumption Report exports only the logged-in user's filtered records and totals. | C20: The user has multiple SMS transactions within a known date range. | D20: 1. Log in as the user, open the report, and apply the known range. 2. Record the displayed filters, row count, message total, and credit total. 3. Use each available export option and open the file. 4. Compare all exported rows and totals with the screen and authoritative source. 5. Confirm no admin-only fields or other users' data appear. 6. Repeat in Arabic and check text rendering and alignment. | E20: Blocked | F20: Medium | G20: Blocked | H20: Test skipped/blocked. | I20: Automation Bot | J20: 2026-08-31 17:05
A21: TC-CR-018 | B21: Verify a user cannot access another user's SMS Consumption Report data through the UI or a modified request. | C21: STwo test users have distinct MS consumption,SMS-consumption records and their identif | D21: 1. Log in as User A and open the User SMS Consumption Report. 2. Confirm User B's records are absent from results and exports. 3. If an identifier is exposed in a request, replace User A's value with User B's using the approved security-testing method. 4. Submit the request and record the response. 5. Attempt to open a copied direct URL for User B's report or record. 6. Repeat in Arabic. | E21: Blocked | F21: High | G21: Blocked | H21: Test skipped/blocked. | I21: Automation Bot | J21: 2026-08-31 17:05

Sheet Reports
A1: Reports — Test Cases
A2: Execute each test case in both English and Arabic UI language. Select Status from the dropdown: Pass / Fail / Blocked / Not Executed.
A3: Test Case ID | B3: Test Scenario | C3: Test Steps | D3: Expected Result | E3: Priority | F3: Status | G3: Actual Result | H3: Tested By | I3: Date Tested | J3: Remarks
A4: TC-RPT-001 | B4: Verify Export Data offers working Excel and CSV options on Detailed Message Report. | C4: Precondition: The report contains known data. 1. Open Reports > Detailed Message Report. 2. Select Export Data and verify Excel and CSV are both available. 3. Choose Excel and confirm one file downloads. 4. Repeat for CSV. 5. Verify each file name identifies the report and export time or date range. 6. Repeat in the Arabic UI. | D4: Excel and CSV options are visible and enabled for authorized users; each selection downloads one correctly named file without changing the active report filters in either language. | E4: Medium | F4: Not Executed
A5: TC-RPT-002 | B5: Verify the Detailed Message Report Excel export opens and matches the complete on-screen result set. | C5: Precondition: Apply a known filter set that returns multiple message rows. 1. Record active filters, displayed columns, total row count, and any totals. 2. Export to Excel and open the workbook. 3. Compare headers, data types, first/middle/last records, row count, and totals with the report. 4. Check date-time, mobile/identifier, status, and numeric formatting. 5. Confirm English and Arabic text is readable and not corrupted. 6. Repeat from the Arabic UI. | D5: The Excel file opens without repair warnings and contains all filtered rows, columns, values, and totals shown by the report, with accurate types and readable bilingual text. | E5: Medium | F5: Not Executed
A6: TC-RPT-003 | B6: Verify the Detailed Message Report CSV export opens and matches the complete on-screen result set. | C6: Precondition: Apply a known filter set that returns multiple message rows. 1. Record filters, headers, row count, and totals. 2. Export to CSV and open it in a text editor and spreadsheet application. 3. Compare headers and first/middle/last records with the report. 4. Verify commas, quotes, line breaks, leading plus signs/zeros, and UTF-8 Arabic text are preserved correctly. 5. Confirm the exported row count and numeric values. 6. Repeat from the Arabic UI. | D6: The CSV opens with correct delimiters and encoding, preserves identifiers and bilingual content, and contains every filtered row and value with no shifted columns or truncation. | E6: Medium | F6: Not Executed
A7: TC-RPT-004 | B7: Verify Detailed Message Report exports contain only records matching all active filters. | C7: Precondition: The report contains records both inside and outside a distinctive filter combination. 1. Open Reports > Detailed Message Report and note the unfiltered row count. 2. Apply a date range plus at least two report-specific filters. 3. Record the filtered row count and sample identifiers. 4. Export to Excel and CSV. 5. Confirm every exported row meets every criterion and excluded sample records are absent. 6. Clear filters and repeat in Arabic. | D7: Both exports contain exactly the current filtered result set—not the full data set—with the same row count and no record violating any active criterion. | E7: Medium | F7: Not Executed
A8: TC-RPT-005 | B8: Verify Detailed Message Report date filters return only records within inclusive From and To boundaries. | C8: Precondition: Known records exist before, on, and after selected boundary dates. 1. Open Reports > Detailed Message Report. 2. Apply a valid range containing records on both boundary dates. 3. Compare each returned date with the selected range. 4. Confirm boundary records are included and outside records excluded. 5. Test a single-day range, then clear the dates. 6. Repeat in Arabic. | D8: Only records within the inclusive valid range are shown, a single-day range works correctly, and clearing dates restores the authorized data set in both languages. | E8: Medium | F8: Not Executed
A9: TC-RPT-006 | B9: Verify the Department filter restricts Detailed Message Report to the selected authorized department. | C9: Precondition: Known report data exists for at least two departments. 1. Open Reports > Detailed Message Report and select All. 2. Record the total and locate sample records from two departments. 3. Select one department and verify every returned row belongs to it. 4. Select the second department and compare results with the source data. 5. Return to All and confirm both authorized sets return. 6. Repeat in Arabic. | D9: Each specific selection returns only that department's records and correct totals; All restores every authorized department without exposing unauthorized data. | E9: Medium | F9: Not Executed
A10: TC-RPT-007 | B10: Verify Message Type filtering on Detailed Message Report returns only the selected type. | C10: Precondition: Data exists for at least two message types, including Transactional where configured. 1. Open Reports > Detailed Message Report and select All message types. 2. Select each available type separately. 3. Verify every returned row or summary belongs to the selected type using the authoritative source. 4. Compare filtered counts/totals with independently calculated values. 5. Return to All and confirm the complete authorized set returns. 6. Repeat in Arabic. | D10: Each type returns only matching data with accurate counts/totals, All restores all authorized types, and labels are correctly localized. | E10: Medium | F10: Not Executed
A11: TC-RPT-008 | B11: Verify Broadcast Name filtering on Detailed Message Report returns only the selected broadcast. | C11: Precondition: At least two uniquely named broadcasts have report data. 1. Open Reports > Detailed Message Report and select All broadcasts. 2. Select the first known broadcast and verify every row/summary references it. 3. Compare its records and totals with the source. 4. Repeat for the second broadcast. 5. Return to All and verify both data sets return. 6. Repeat in Arabic. | D11: A specific broadcast selection returns only its complete and accurate data; All restores all authorized broadcasts without stale rows. | E11: Medium | F11: Not Executed
A12: TC-RPT-009 | B12: Verify Mobile No. filtering returns the correct exact and supported partial matches without corrupting the number. | C12: Precondition: Detailed Message Report contains known numbers with shared and unique digit sequences. 1. Open the report and enter one complete known mobile number. 2. Verify returned rows match that number exactly. 3. Enter a unique supported partial sequence and compare all matches. 4. Test a nonexistent number and an invalid character input. 5. Clear the filter and confirm the original results return. 6. Repeat in Arabic. | D12: Exact and supported partial searches return only matching mobile numbers, preserve country codes and leading characters, invalid/no-match input is handled clearly, and clearing restores results. | E12: Medium | F12: Not Executed
A13: TC-RPT-010 | B13: Verify Operator filtering on Detailed Message Report returns only records for the selected mobile operator. | C13: Precondition: Report data exists for at least two operators, including Zain where configured. 1. Open Reports > Detailed Message Report and select All operators. 2. Select one operator and verify every returned message row maps to it. 3. Compare record and segment/message totals with the authoritative source. 4. Repeat with another operator. 5. Return to All and confirm the full authorized set returns. 6. Repeat in Arabic. | D13: Each operator selection returns only its accurate records and totals, All restores all operators, and no row is misclassified. | E13: Medium | F13: Not Executed
A14: TC-RPT-011 | B14: Verify delivery Status filtering returns only records in the selected Delivered, Failed, Pending, or other state. | C14: Precondition: Detailed Message Report contains known records in multiple delivery states. 1. Select All and record the total. 2. Select each available status separately. 3. Verify every row's stored delivery status matches the selection and compare counts with the source. 4. Confirm the sum of mutually exclusive status counts reconciles to All. 5. Refresh and verify the filter remains or resets according to design. 6. Repeat in Arabic. | D14: Each selection returns only records in that status with accurate counts; All reconciles to the individual mutually exclusive statuses and labels are localized correctly. | E14: Medium | F14: Not Executed
A15: TC-RPT-012 | B15: Verify multiple Detailed Message Report filters apply as an intersection and update results consistently. | C15: Precondition: Prepare a filter combination with a known nonzero result and another with no result. 1. Apply a date range and record the count. 2. Add Department, Message Type, and a report-specific filter one at a time. 3. After each addition, verify every row meets all active criteria and the count does not increase unexpectedly. 4. Remove one filter and confirm results broaden correctly. 5. Apply the no-result combination, then clear all filters. 6. Repeat in Arabic. | D15: Filters use logical AND, every displayed row satisfies all active criteria, removing/clearing criteria recalculates correctly, and no stale records or totals remain. | E15: Medium | F15: Not Executed
... A70: TC-RPT-067 | B70: Verify SMS Summary Report pagination covers the complete filtered result set once and preserves report state. | C70: Precondition: A filter set returns more records than one page. 1. Record total records, page size, and calculated page count. 2. Navigate next, previous, first, and last pages. 3. Record boundary identifiers and check for missing or duplicate rows. 4. Change page size if available and verify page count recalculates. 5. Confirm filters and sort order persist and totals remain for the complete result set. 6. Repeat in Arabic. | D70: All filtered records appear exactly once across pages, navigation and page counts are accurate, and filters, sorting, and complete-result totals remain consistent. | E70: Medium | F70: Not Executed

Sheet Credit Management
A1: Credit Management — Test Cases
A2: Execute each test case in both English and Arabic UI language. Select Status from the dropdown: Pass / Fail / Blocked / Not Executed.
A3: Test Case ID | B3: Test Scenario | C3: Test Steps | D3: Expected Result | E3: Priority | F3: Status | G3: Actual Result | H3: Tested By | I3: Date Tested | J3: Remarks
A4: TC-CM-001 | B4: Verify My Credit Balance equals the logged-in administrator's remaining Push credit ledger balance. | C4: Precondition: Obtain the administrator's opening Push balance and all approved credit transactions through the test time. 1. Log in as the administrator and open Credit Management > Manage Push Credits. 2. Independently calculate opening balance plus received/reclaimed credits minus distributed/consumed credits according to the ledger rule. 3. Compare the result with My Credit Balance. 4. Refresh and sign out/in to confirm persistence. 5. Log in as a different admin and verify balances are not mixed. 6. Repeat in Arabic. | D4: My Credit Balance exactly matches the authorized ledger for the logged-in administrator, persists after refresh/login, and never displays another administrator's balance in either language. | E4: Medium | F4: Not Executed
A5: TC-CM-002 | B5: Verify Total Distributed Credit equals the sum of current Push credits allocated to all users in scope. | C5: Precondition: Obtain each user's current allocated Push credit from the authoritative ledger. 1. Open Credit Management > Manage Push Credits. 2. Export or record all user balances across every page. 3. Independently sum the balances included by the approved Total Distributed Credit rule. 4. Compare the sum with the displayed total. 5. Apply search/filter and verify whether the KPI remains global or changes according to design. 6. Repeat in Arabic. | D5: Total Distributed Credit equals the complete authoritative sum for all in-scope users, follows the documented filter behavior, and does not omit users on other pages. | E5: Medium | F5: Not Executed
A6: TC-CM-003 | B6: Verify Total Balance equals My Credit Balance plus Total Distributed Credit and updates atomically after Push transfers. | C6: 1. Record all three balance KPIs on Credit Management > Manage Push Credits. 2. Confirm Total Balance = My Credit Balance + Total Distributed Credit. 3. Add a known amount to one user and record all KPIs immediately. 4. Remove a known valid amount and record them again. 5. Refresh and confirm the equation still holds with no transient double counting. 6. Repeat in Arabic. | D6: The equation holds exactly before and after each completed transfer; internal redistribution changes component balances by equal opposite amounts and does not incorrectly change the conserved Total Balance. | E6: Medium | F6: Not Executed
A7: TC-CM-004 | B7: Verify Username search returns accurate Push credit rows and handles no-result input. | C7: Precondition: At least two users have distinct usernames and Push credit records. 1. Open Credit Management > Manage Push Credits. 2. Search using a complete existing username. 3. Search using a supported unique partial value and different letter casing. 4. Verify every returned row matches the search rule and retains correct balances. 5. Search for a nonexistent username, then clear the search. 6. Repeat in Arabic. | D7: Exact and supported partial/case searches return only matching users without changing their balances; nonexistent input shows a localized empty state and clearing restores the list. | E7: Medium | F7: Not Executed
A8: TC-CM-005 | B8: Verify Push credit columns sort the complete user list correctly in ascending and descending order. | C8: Precondition: The list contains varied usernames and numeric balances, including zero and large values. 1. Sort Username ascending and descending. 2. Repeat for Available Credits, Total Recharge, and Consumed Balance. 3. Check first, middle, and last values after each sort. 4. Confirm credits use numeric rather than text order. 5. Navigate pages to ensure sorting applies to the full result set and preserves filters. 6. Repeat in Arabic. | D8: Every supported column sorts the complete filtered list correctly in both directions, numeric fields use numeric order, and no users are omitted or duplicated. | E8: Low | F8: Not Executed
A9: TC-CM-006 | B9: Verify Add transfers a valid Push credit amount from the administrator to the selected user exactly once. | C9: Precondition: Record the administrator and target user's balances; prepare a valid amount A. 1. Open Credit Management > Manage Push Credits and select Add for the target user. 2. Enter A, review the target username and amount, and confirm once. 3. Verify the user's Available Credits increases by A and My Credit Balance decreases by A. 4. Confirm Total Distributed Credit increases by A while Total Balance remains conserved. 5. Refresh and inspect the transaction/audit record for actor, recipient, amount, type, and time. 6. Repeat with another valid amount in Arabic. | D9: One transfer is posted: user balance +A, administrator balance -A, distributed total +A, and conserved total unchanged; the transaction is persistent, auditable, and not duplicated. | E9: Medium | F9: Not Executed
A10: TC-CM-007 | B10: Verify Add rejects invalid Push credit amounts and prevents overdrawing the administrator balance. | C10: Precondition: Record the administrator's available balance B. 1. Open Add for a user and test blank, zero, negative, nonnumeric, excessive-decimal, and above-limit values. 2. Test B+the smallest supported unit and any documented maximum. 3. Verify each invalid attempt is blocked without changing balances or creating a ledger entry. 4. Enter exactly B if permitted and confirm boundary behavior. 5. Enter a valid amount below B and confirm it is accepted. 6. Repeat in Arabic. | D10: Invalid or overdraw amounts are rejected with clear localized guidance and no side effects; supported boundary and valid amounts follow the documented precision and limit rules. | E10: High | F10: Not Executed
A11: TC-CM-008 | B11: Verify Remove reclaims a valid Push credit amount from the selected user to the administrator exactly once. | C11: Precondition: Record balances and ensure the user has at least amount R available. 1. Select Remove for the target user and enter R. 2. Confirm the displayed username and amount, then submit once. 3. Verify user Available Credits decreases by R and My Credit Balance increases by R. 4. Confirm Total Distributed Credit decreases by R while Total Balance remains conserved. 5. Refresh and verify the reclaim ledger entry and audit details. 6. Repeat in Arabic. | D11: One reclaim is posted: user balance -R, administrator balance +R, distributed total -R, and conserved total unchanged; values persist and the audit trail is accurate. | E11: Medium | F11: Not Executed
A12: TC-CM-009 | B12: Verify Remove cannot reclaim more Push credits than the user's available balance or produce a negative balance. | C12: Precondition: Target user has available balance U. 1. Open Remove and test blank, zero, negative, nonnumeric, and U plus the smallest supported unit. 2. Verify each attempt is blocked and all KPIs remain unchanged. 3. Test exactly U and confirm whether a zero ending balance is allowed. 4. Attempt two concurrent reclaims whose combined value exceeds U using approved test sessions. 5. Verify at most the valid available amount is committed. 6. Repeat in Arabic. | D12: No operation produces a negative user balance; invalid and conflicting reclaims are rejected without ledger side effects, while the valid boundary follows the approved rule and remains auditable. | E12: High | F12: Not Executed
A13: TC-CM-010 | B13: Verify Total Recharge accumulates all successful Push Add transactions exactly once for each user. | C13: Precondition: Record the user's current Total Recharge T and prepare valid amounts A1 and A2. 1. Add A1 and confirm success. 2. Add A2 in a separate transaction. 3. Verify Total Recharge equals T + A1 + A2. 4. Refresh and compare the value with successful ledger entries. 5. Confirm failed, cancelled, duplicate-click, and Remove transactions do not incorrectly increase Total Recharge. 6. Repeat in Arabic. | D13: Total Recharge increases once for each successful Add by the exact amount, persists after refresh, and excludes failed/cancelled/reclaim operations according to the ledger definition. | E13: Medium | F13: Not Executed
A14: TC-CM-011 | B14: Verify Consumed Balance equals the Push credits actually charged for the user's completed broadcasts. | C14: Precondition: Obtain the user's opening consumed value and authoritative billing/consumption records for known broadcasts. 1. Open Credit Management > Manage Push Credits and record Consumed Balance. 2. Send a controlled valid Push broadcast with a known charge. 3. Wait for the defined charging event and refresh. 4. Compare the increase with provider/billing records, including failed, cancelled, or reversed outcomes per business rules. 5. Reconcile multiple broadcasts and confirm each charge is counted once. 6. Repeat using Arabic content/UI. | D14: Consumed Balance equals the sum of chargeable authoritative Push consumption, updates at the defined event, and handles failures, reversals, retries, and duplicates according to approved billing rules. | E14: Medium | F14: Not Executed
A15: TC-CM-012 | B15: Verify each user's Available Credits reconcile to Total Recharge minus Consumed Balance and approved adjustments. | C15: Precondition: Obtain the user's ledger entries and confirm whether reclaimed or adjusted credits are included in Total Recharge. 1. Record Available Credits, Total Recharge, and Consumed Balance. 2. Calculate the expected balance using the approved formula, including any separate reclaims/adjustments. 3. Compare the displayed result. 4. Perform one Add, one consumption event, and one Remove, recalculating after each. 5. Refresh and verify no rounding or timing variance remains. 6. Repeat in Arabic. | D15: Available Credits match the approved ledger equation after every transaction, never fall below zero, and reconcile exactly after processing completes with documented adjustment treatment. | E15: Medium | F15: Not Executed
... A32: TC-CM-029 | B32: Verify SMS credit pagination covers every authorized user once while preserving filters, sorting, and balances. | C32: Precondition: The list contains more users than one page. 1. Record total users, page size, and calculated page count. 2. Navigate next, previous, first, and last pages. 3. Record boundary usernames and check for missing or duplicate users. 4. Change page size if available and verify page count recalculates. 5. Confirm active search/sort persists and KPI totals still represent the documented scope. 6. Repeat in Arabic. | D32: Every authorized user appears exactly once across pages, navigation/page counts are accurate, and search, sorting, row balances, and KPI scope remain consistent. | E32: Medium | F32: Not Executed

Sheet Home-Header
A1: Home / Header — Test Cases
A2: Execute each test case in both English and Arabic UI language. Select Status from the dropdown: Pass / Fail / Blocked / Not Executed.
A3: Test Case ID | B3: Test Scenario | C3: Test Steps | D3: Expected Result | E3: Priority | F3: Status | G3: Actual Result | H3: Tested By | I3: Date Tested | J3: Remarks
A4: TC-HDR-001 | B4: Verify the application logo and name render correctly and navigate an authorized user to Home. | C4: Precondition: Sign in as an authorized user from a non-Home page. 1. Inspect the header logo and application name for image quality, text, accessible name, and alignment. 2. Select the logo/name using the mouse and verify Home opens. 3. Navigate away and activate the link using the keyboard. 4. Confirm the session remains active and no duplicate tab or error is produced unless designed. 5. Check the browser URL and Home content. 6. Repeat in English and Arabic UI. | D4: The correct branded logo/name is readable and accessible; mouse and keyboard activation open the authorized Home page once without losing the session, and alignment remains correct in LTR and RTL layouts. | E4: Medium | F4: Not Executed
A5: TC-HDR-002 | B5: Verify the current-section label or breadcrumb accurately follows navigation and page hierarchy. | C5: Precondition: The user can access multiple modules and nested pages. 1. Navigate to SMS Broadcasts and compare the header label/breadcrumb with the page title. 2. Repeat for at least three other top-level and nested pages. 3. Use browser Back/Forward and in-app links. 4. Open a detail/edit page and verify parent and current labels. 5. Attempt an unauthorized route and confirm no restricted label is exposed. 6. Repeat in Arabic. | D5: The label/breadcrumb updates on every navigation method, matches the actual authorized page hierarchy, contains no stale values, and uses accurate localized labels and RTL order. | E5: Medium | F5: Not Executed
A6: TC-HDR-003 | B6: Verify the header SMS Credit value equals the logged-in user's authoritative available SMS balance. | C6: Precondition: Obtain the user's current SMS credit ledger balance and ensure no transaction is pending. 1. Record the header SMS Credit value. 2. Open Credit Management > Manage SMS Credits using the same account. 3. Compare the relevant available balance and independently reconcile it with the ledger. 4. Refresh and navigate between pages. 5. Sign in as a second user with a different balance to check isolation. 6. Repeat in Arabic. | D6: The header value exactly matches the authoritative available SMS balance for the current user, persists consistently across navigation/refresh, and never displays another user's balance. | E6: Medium | F6: Not Executed
A7: TC-HDR-004 | B7: Verify the header Push Credit value equals the logged-in user's authoritative available Push balance. | C7: Precondition: Obtain the user's current Push credit ledger balance and ensure no transaction is pending. 1. Record the header Push Credit value. 2. Open Credit Management > Manage Push Credits using the same account. 3. Compare the relevant available balance and independently reconcile it with the ledger. 4. Refresh and navigate between pages. 5. Sign in as a second user with a different balance to check isolation. 6. Repeat in Arabic. | D7: The header value exactly matches the authoritative available Push balance for the current user, persists consistently across navigation/refresh, and never displays another user's balance. | E7: Medium | F7: Not Executed
A8: TC-HDR-005 | B8: Verify SMS Credit and Push Credit header links open their correct authorized management screens. | C8: Precondition: The test role's access to both credit screens is known. 1. Select SMS Credit and verify Manage SMS Credits opens with the correct title and URL. 2. Return and select Push Credit; verify Manage Push Credits opens. 3. Activate both links using the keyboard. 4. Confirm each screen shows the same current value as its header credit. 5. Test a user without management permission. 6. Repeat in Arabic. | D8: Each link opens only its matching authorized credit screen and remains keyboard accessible; unauthorized users cannot reach restricted screens or infer protected balances. | E8: Medium | F8: Not Executed
A9: TC-HDR-006 | B9: Verify header credit values refresh accurately after SMS or Push consumption without stale or double updates. | C9: Precondition: Record current SMS and Push balances and prepare controlled broadcasts with known charges. 1. Send a Push broadcast with charge P. 2. After the defined charging event, observe whether the header updates automatically within the expected interval. 3. If automatic refresh is not designed, navigate/refresh and verify Push Credit decreases by P once. 4. Repeat with an SMS broadcast of known charge S and verify SMS Credit decreases by S once. 5. Compare both values with their ledgers and ensure the other channel is unchanged. 6. Repeat using Arabic content/UI. | D9: Each channel value updates once by its exact authoritative charge at the documented time, no unrelated balance changes, stale values, negative flicker, or double deduction occurs. | E9: Medium | F9: Not Executed
A10: TC-HDR-007 | B10: Verify the header Last Login Time uses the correct previous-successful-login timestamp and configured time zone. | C10: Precondition: Record the account's prior successful login timestamp and configured time zone. 1. Sign in and note the header Last Login Time immediately. 2. Compare it with the recorded previous successful login. 3. Verify date/time format, time zone, and expected processing tolerance. 4. Navigate and refresh to ensure the value remains stable during the current session. 5. Sign out, complete another successful login, and verify the value advances to the session just ended. 6. Repeat in Arabic. | D10: Last Login Time shows the immediately preceding successful login—not the current session—using the configured time zone and localized readable format, and remains stable during a session. | E10: Medium | F10: Not Executed
A11: TC-HDR-008 | B11: Verify failed login attempts do not replace the previous successful Last Login Time. | C11: Precondition: Record the last successful login time T1, then end that session. 1. Attempt one or more failed logins for the account after T1. 2. Complete a successful login at T2. 3. Inspect the header Last Login Time. 4. Confirm it still shows T1 rather than a failed-attempt time or T2. 5. Start a later successful session and confirm the value then shows T2. 6. Repeat in Arabic. | D11: Only successful authentications participate in previous-login history: failed attempts do not alter it, the current login is not shown as previous, and the next session advances correctly. | E11: Medium | F11: Not Executed
A12: TC-HDR-009 | B12: Verify the language selector is visible, accessible, and accurately indicates English or Arabic selection. | C12: 1. Sign in with English selected and inspect the selector label, icon, focus state, and accessible name. 2. Open it using mouse and keyboard and verify only supported languages are shown once. 3. Select Arabic and verify the current-selection indicator moves to Arabic. 4. Reopen the selector and confirm the state. 5. Switch back to English. 6. Test on supported screen sizes. | D12: The selector is visible and keyboard accessible, lists English and Arabic once, clearly identifies the active language, and updates its state immediately without ambiguous or clipped text. | E12: Medium | F12: Not Executed
A13: TC-HDR-010 | B13: Verify language switching localizes the complete page and changes layout direction correctly without losing user state. | C13: Precondition: Open a page containing header, navigation, form labels, validation, table, date, and numeric content. 1. Record current page, filters, and unsaved non-sensitive test input. 2. Switch from English to Arabic. 3. Verify header, menus, breadcrumbs, buttons, messages, and page content are translated with RTL direction and mirrored alignment where appropriate. 4. Check numbers, credits, dates, icons, and controls for clipping or overlap. 5. Switch back to English and verify LTR restoration and documented state preservation. 6. Repeat on another module. | D13: All visible application text is localized with no mixed-language remnants except approved data, Arabic uses correct RTL layout, English restores LTR, and navigation/session state follows the documented preservation rule. | E13: Medium | F13: Not Executed
A14: TC-HDR-011 | B14: Verify the selected language persists across navigation, refresh, sign-out, and subsequent sign-in according to preference rules. | C14: 1. Select Arabic and navigate through at least three modules. 2. Refresh the page and open a new authorized route. 3. Sign out and sign back in with the same account/browser. 4. Verify Arabic remains selected at each supported persistence point. 5. Change to English and repeat. 6. Sign in with a different user to confirm preferences are not incorrectly shared. | D14: The account's selected language persists across the documented navigation/session boundaries, updates when changed, and is not leaked to another user's profile unless device-level behavior is explicitly designed. | E14: Medium | F14: Not Executed
A15: TC-HDR-012 | B15: Verify the header displays the authenticated user's correct username and profile icon without identity leakage. | C15: Precondition: Use two accounts with distinct usernames and profile images/initials. 1. Sign in as User A and compare the header username with the authenticated identity. 2. Verify profile image or fallback initials, accessible name, and truncation for a long username. 3. Sign out fully and sign in as User B. 4. Confirm no cached User A name or image appears. 5. Refresh and open multiple pages. 6. Repeat in Arabic. | D15: The header consistently shows only the current authenticated user's exact display identity and correct profile image/fallback, with no stale cross-session identity or unreadable truncation. | E15: Medium | F15: Not Executed
... A18: TC-HDR-015 | B18: Verify the complete header responds correctly across supported viewport sizes, resolutions, zoom levels, and orientations. | C18: Precondition: Use the supported browser/device matrix. 1. Test desktop widths at standard and high-resolution displays. 2. Test supported tablet/mobile widths and portrait/landscape orientations. 3. Check logo, breadcrumb, credits, last login, language selector, and user menu. 4. Verify responsive collapse/overflow behavior and touch/keyboard targets. 5. Test 200% zoom or the required accessibility zoom level. 6. Repeat in English and Arabic. | D18: No header item overlaps, clips, or becomes unreachable; responsive controls expose all essential functions with adequate targets and readable labels at every supported size, zoom, orientation, and text direction. | E18: Low | F18: Not Executed

Sheet Login
A1: Login — Test Cases
A2: Execute each test case in both English and Arabic UI language. Select Status from the dropdown: Pass / Fail / Blocked / Not Executed.
A3: Test Case ID | B3: Test Scenario | C3: Test Steps | D3: Expected Result | E3: Priority | F3: Status | G3: Actual Result | H3: Tested By | I3: Date Tested | J3: Remarks
A4: TC-LOG-001 | B4: Verify Kuwait University branding renders accurately and accessibly on the Login page. | C4: 1. Open the Login page in a new unauthenticated session. 2. Compare the university logo, name, and tagline with the approved branding specification. 3. Check image sharpness, dimensions, colors, spacing, and accessible alternative text. 4. Verify the branding does not overlap the login controls at supported zoom levels. 5. Confirm any logo link opens only the approved destination. 6. Repeat in English and Arabic layouts. | D4: Pass | E4: Low | F4: Pass | G4: Automated check passed. | H4: Automation Bot | I4: 2026-08-31 17:11
A5: TC-LOG-002 | B5: Verify the Login title and instructional text are accurate, readable, and correctly localized. | C5: 1. Open the Login page with English selected. 2. Compare the Login title and helper text with the approved English copy. 3. Check font hierarchy, contrast, spacing, and association with the form. 4. Switch to Arabic and compare against the approved translation. 5. Verify long translated text wraps without clipping or covering controls. 6. Test with keyboard focus and supported accessibility zoom. | D5: Pass | E5: Low | F5: Pass | G5: Automated check passed. | H5: Automation Bot | I5: 2026-08-31 17:11
A6: TC-LOG-003 | B6: Verify the Login-page banner branding remains accurate and responsive across supported viewports. | C6: Precondition: Use the supported browser and device matrix. 1. Open the Login page at standard desktop width. 2. Compare banner text, image, colors, and alignment with the approved design. 3. Resize through supported desktop, tablet, and mobile widths and portrait/landscape orientations. 4. Verify the banner resizes, repositions, or hides only according to the responsive specification. 5. Test English LTR and Arabic RTL layouts at supported zoom levels. 6. Confirm it never obstructs credential controls or keyboard focus. | D6: Pass | E6: Low | F6: Pass | G6: Automated check passed. | H6: Automation Bot | I6: 2026-08-31 17:11
A7: TC-LOG-004 | B7: Verify the English/Arabic language selector is visible, accessible, and changes the active Login-page language. | C7: 1. Open the Login page and identify the current language indicator. 2. Open the selector using mouse and keyboard. 3. Verify English and Arabic appear once with clear accessible labels. 4. Select Arabic and confirm the active indicator changes. 5. Reopen the selector, select English, and confirm the state changes back. 6. Test dismissal using Escape and clicking outside. | D7: Pass | E7: Medium | F7: Pass | G7: Automated check passed. | H7: Automation Bot | I7: 2026-08-31 17:11
A8: TC-LOG-005 | B8: Verify language switching fully translates the Login page and applies correct LTR or RTL layout. | C8: 1. Open the Login page in English and record all visible titles, labels, placeholders, buttons, links, and validation text. 2. Switch to Arabic. 3. Verify every interface string is translated with no unintended English fallback. 4. Confirm form alignment, reading order, icons, focus order, and text direction change correctly to RTL. 5. Trigger required-field validation and verify Arabic messages. 6. Switch back to English and confirm complete LTR restoration without losing or mixing language state. | D8: Blocked | E8: Medium | F8: Blocked | G8: Test skipped/blocked. | H8: Automation Bot | I8: 2026-08-31 17:11
A9: TC-LOG-006 | B9: Verify Username is mandatory and accepts only supported credential input. | C9: 1. Open the Login page and leave Username blank while entering a password. 2. Submit using the Login button and then the Enter key. 3. Repeat with spaces only. 4. Enter a valid-format username with leading/trailing spaces and observe normalization. 5. Test documented minimum/maximum length and disallowed characters. 6. Repeat in Arabic. | D9: Pass | E9: High | F9: Pass | G9: Automated check passed. | H9: Automation Bot | I9: 2026-08-31 17:11
A10: TC-LOG-007 | B10: Verify Password is mandatory, masked by default, and handled without exposing its value. | C10: 1. Open the Login page and enter a username while leaving Password blank. 2. Submit and verify field-level required validation. 3. Type a password and confirm every character is masked by default. 4. Copy/paste and browser inspection behaviors should follow the approved security policy. 5. Submit invalid credentials and verify the password is cleared or retained according to policy without appearing in the URL, logs, or error text. 6. Repeat in Arabic. | D10: Pass | E10: High | F10: Pass | G10: Automated check passed. | H10: Automation Bot | I10: 2026-08-31 17:11
A11: TC-LOG-008 | B11: Verify the Show/Hide Password control reveals and remasks only the current Password field securely. | C11: Precondition: The control is included in the approved design. 1. Enter a distinguishable password and verify it is initially masked. 2. Activate Show using mouse and keyboard. 3. Confirm the exact value becomes visible and the icon/accessible label changes to Hide. 4. Activate Hide and confirm immediate remasking without changing the value or cursor position. 5. Navigate away/back or submit and verify the field returns to the secure default state. 6. Repeat in Arabic. | D11: Blocked | E11: Medium | F11: Blocked | G11: Test skipped/blocked. | H11: Automation Bot | I11: 2026-08-31 17:12
A12: TC-LOG-009 | B12: Verify valid credentials authenticate the user once and redirect to the correct authorized landing page. | C12: Precondition: Use active accounts with different roles and known landing-page permissions. 1. Enter valid credentials for User A and submit once. 2. Verify successful authentication, final URL, page title, username, and authorized landing content. 3. Sign out and repeat for User B with a different role. 4. Confirm neither user sees a page or navigation item outside their permissions. 5. Use browser Back after login and verify the Login page does not expose credentials or create another session. 6. Repeat using the Arabic Login page. | D12: Fail | E12: High | F12: Pass | G12: Automated check failed: Page.fill: Timeout 15000ms exceeded. Call log: - waiting for locator("#username") | H12: Automation Bot | I12: 2026-08-31 17:12
A13: TC-LOG-010 | B13: Verify invalid credentials are rejected with a clear, localized, non-enumerating error. | C13: 1. Submit a valid-format nonexistent username with a password. 2. Submit an existing username with an incorrect password. 3. Test case variations according to the username policy. 4. Compare response text, placement, timing, and HTTP/application behavior. 5. Verify no session is created and protected URLs remain inaccessible. 6. Repeat in Arabic. | D13: Pass | E13: High | F13: Pass | G13: Automated check passed. | H13: Automation Bot | I13: 2026-08-31 17:12
A14: TC-LOG-011 | B14: Verify locked, inactive, disabled, or expired accounts cannot authenticate and receive policy-compliant feedback. | C14: Precondition: Prepare accounts in each supported ineligible state. 1. Attempt login with correct credentials for a locked account. 2. Repeat for inactive, disabled, and expired accounts where applicable. 3. Verify no session/token or Last Login update is created. 4. Confirm the message follows the security policy without exposing unnecessary directory details. 5. Restore one account through the approved process and confirm successful login. 6. Repeat in Arabic. | D14: Blocked | E14: High | F14: Blocked | G14: Test skipped/blocked. | H14: Automation Bot | I14: 2026-08-31 17:12
A15: TC-LOG-012 | B15: Verify Login shows a processing state and prevents duplicate authentication requests. | C15: Precondition: Use approved network throttling or a test environment that delays the authentication response. 1. Enter valid credentials and select Login. 2. Immediately attempt repeated mouse clicks and press Enter. 3. Observe the button, loading indicator, focus, and form controls while the request is pending. 4. Inspect the approved request log to count authentication submissions. 5. Test successful and failed responses. 6. Repeat in Arabic. | D15: Blocked | E15: Medium | F15: Blocked | G15: Test skipped/blocked. | H15: Automation Bot | I15: 2026-08-31 17:12
... A20: TC-LOG-017 | B20: Verify Forgot Password or Support links, when provided, open the approved secure recovery destination. | C20: Precondition: Confirm which recovery/support links are required and their approved destinations. 1. Locate each link and verify its text, URL preview, accessible name, and keyboard focus. 2. Activate it by mouse and keyboard. 3. Confirm the correct trusted HTTPS page, contact method, or recovery workflow opens. 4. Verify no entered username/password or session secret is included in the URL or transferred unexpectedly. 5. Use Back to return and confirm the password field is not exposed. 6. Repeat in Arabic; if the feature is not in scope, confirm no misleading inactive link is displayed. | D20: Blocked | E20: Medium | F20: Blocked | G20: Test skipped/blocked. | H20: Automation Bot | I20: 2026-08-31 17:13

Sheet General-CrossCutting
A1: General / Cross-Cutting — Test Cases
A2: Execute each test case in both English and Arabic UI language. Select Status from the dropdown: Pass / Fail / Blocked / Not Executed.
A3: Test Case ID | B3: Test Scenario | C3: Test Steps | D3: Expected Result | E3: Priority | F3: Status | G3: Actual Result | H3: Tested By | I3: Date Tested | J3: Remarks
A4: TC-GEN-001 | B4: Verify every in-scope module and screen completes equivalent functional coverage in English and Arabic. | C4: Precondition: Prepare an approved inventory of all modules, screens, dialogs, and user roles in scope. 1. Map every module test case to an English and Arabic execution record. 2. Execute each screen's primary journey, validation path, and authorized role in English. 3. Repeat the same data, steps, and role in Arabic. 4. Record status, evidence, tester, and date separately for each language. 5. Compare results and log any language-specific variance as a defect. 6. Reconcile the completed matrix with the approved inventory. | D4: Every in-scope screen and critical path has traceable English and Arabic execution evidence; no module, dialog, role, or language is omitted, and language-specific differences are recorded explicitly. | E4: Medium | F4: Not Executed
A5: TC-GEN-002 | B5: Verify all interface labels, headings, buttons, menus, tooltips, and notifications use approved English and Arabic translations. | C5: Precondition: Obtain the approved bilingual terminology catalogue. 1. Visit every in-scope page, dialog, menu, table, and action state in English. 2. Switch to Arabic and compare each visible string with the approved terminology. 3. Inspect titles, navigation, tooltips, confirmation dialogs, success messages, empty states, and status labels. 4. Search for untranslated keys, English fallback, mixed-language fragments, corrupted characters, and inconsistent terminology. 5. Verify dynamic labels substitute variables in the correct position and grammar. 6. Capture screen and string-key evidence for each defect. | D5: All static and dynamic interface strings match the approved translation catalogue, with no missing keys, unintended fallback, mixed-language text, character corruption, or inconsistent terminology. | E5: Medium | F5: Not Executed
A6: TC-GEN-003 | B6: Verify placeholders, field guidance, validation messages, and errors are accurately localized and associated with the correct control. | C6: 1. Open every supported form in English and Arabic. 2. Inspect placeholders, helper text, required indicators, format examples, and character-limit guidance. 3. Trigger every required, format, range, duplicate, permission, server, and no-data validation state. 4. Verify each message identifies the correct field or action and provides actionable guidance. 5. Confirm errors do not expose technical details, credentials, identifiers, or stack traces. 6. Test keyboard and screen-reader association between each control and its message. | D6: Every guidance and validation string is correctly translated, actionable, securely worded, and programmatically associated with the intended field or action in both languages. | E6: High | F6: Not Executed
A7: TC-GEN-004 | B7: Verify Arabic uses complete RTL layout and interaction order while English restores correct LTR behavior. | C7: Precondition: Test representative dashboards, lists, forms, dialogs, menus, tables, and charts. 1. Open each representative screen in English and record alignment and control order. 2. Switch to Arabic and verify page direction changes to RTL. 3. Check navigation, breadcrumbs, form labels, inputs, tables, pagination, dropdowns, dialogs, and notifications. 4. Verify directional icons mirror only where semantically appropriate; universal icons and numeric content remain correct. 5. Navigate by keyboard and confirm logical RTL focus and reading order. 6. Switch back to English and verify complete LTR restoration. | D7: Arabic screens use coherent RTL alignment, reading order, focus order, and appropriate icon direction without overlap or clipping; English returns fully to LTR with no stale RTL styling. | E7: Medium | F7: Not Executed
A8: TC-GEN-005 | B8: Verify dates, times, numbers, percentages, credits, and currency follow the selected locale without changing underlying values. | C8: Precondition: Prepare known values covering zero, negative, decimal, large, date boundary, and time-zone cases. 1. Display the same records in English and Arabic across reports, credits, tables, and forms. 2. Compare date order, month names, time format, time zone, decimal/group separators, digit presentation, percentage, and currency symbols with locale rules. 3. Enter localized numeric and date values where supported and save. 4. Switch language and verify the same underlying values are reformatted rather than recalculated. 5. Export and compare the values with the source. 6. Verify sorting and calculations use numeric/date values rather than displayed text. | D8: All values retain their exact underlying meaning while displaying in the approved locale format; input parsing, sorting, calculations, time zones, and exports remain accurate in both languages. | E8: Medium | F8: Not Executed
A9: TC-GEN-006 | B9: Verify dropdowns, selectors, filters, and static lists show complete, correctly translated, and functionally equivalent options. | C9: Precondition: Obtain authoritative values and translations for Roles, Departments, Message Types, statuses, channels, and other lists. 1. Open each dropdown or selector in English and record value, order, availability, and default. 2. Repeat in Arabic using the same user and context. 3. Compare each label with the approved translation while confirming its underlying value is unchanged. 4. Select every representative option and verify filtering, saving, and dependent controls use the correct value. 5. Check inactive, unauthorized, duplicate, blank, and long-option handling. 6. Switch language with an option selected and verify selection persistence. | D9: Both languages expose the same authorized underlying options exactly once, use approved labels and order, retain selections across language changes, and produce identical filtering and save behavior. | E9: High | F9: Not Executed
A10: TC-GEN-007 | B10: Verify Excel, CSV, and PDF exports preserve selected-language labels, bilingual data, encoding, layout, and numeric accuracy. | C10: Precondition: Use reports containing English, Arabic, mixed text, dates, numbers, and long values. 1. Apply known filters in English and export every available format. 2. Repeat with identical filters in Arabic. 3. Open Excel and compare localized titles, headers, values, row counts, totals, and cell data types. 4. Open CSV in a text editor and spreadsheet application; verify UTF-8 encoding, delimiters, quotes, line breaks, identifiers, and Arabic characters. 5. Open PDF and verify RTL order, font embedding, pagination, alignment, and no clipped text. 6. Reconcile all exported records and totals with the on-screen source. | D10: Every export opens without corruption, matches the filtered source exactly, preserves bilingual text and numeric values, and applies the selected language and RTL/LTR layout wherever specified. | E10: Medium | F10: Not Executed
A11: TC-GEN-008 | B11: Verify changing language during an authenticated session updates the current screen without logout, stale text, or lost state. | C11: Precondition: Open a data-rich screen with active filters, pagination, and a partially completed non-sensitive form. 1. Record the current route, selected filters, page, sort, and entered test values in English. 2. Switch to Arabic without navigating away. 3. Verify all visible UI text and direction update immediately or within the documented interval. 4. Confirm authentication remains valid and approved screen state is preserved. 5. Complete an action and verify Arabic validation/success messaging. 6. Switch back to English and confirm full LTR restoration and no duplicated requests. | D11: Language changes without logout or unauthorized navigation; the current screen fully relocalizes, documented user state remains intact, and no stale labels, duplicated actions, or mixed-direction elements remain. | E11: Medium | F11: Not Executed
A12: TC-GEN-009 | B12: Verify the user's selected language persists across navigation, refresh, new tabs, sign-out, and subsequent sign-in according to policy. | C12: 1. Select Arabic and navigate through at least five modules and nested pages. 2. Refresh the browser and open an authorized page in a new tab. 3. Sign out and sign in again with the same account and browser. 4. Verify Arabic persists at every boundary covered by the preference policy. 5. Change to English and repeat. 6. Sign in as another user and use another browser/device to verify preferences are isolated according to account/device rules. | D12: Language preference persists exactly across the documented boundaries, updates when changed, and is not incorrectly shared between users, sessions, browsers, or devices. | E12: Medium | F12: Not Executed
A13: TC-GEN-010 | B13: Verify all English and Arabic screens remain readable, accessible, and responsive without overflow, truncation, overlap, or misalignment. | C13: Precondition: Use the approved browser, device, viewport, and accessibility test matrix. 1. Review every in-scope screen at standard desktop size in English and Arabic. 2. Test supported tablet/mobile widths and portrait/landscape orientations. 3. Test required browser zoom and text scaling, including 200% where applicable. 4. Inspect titles, tables, forms, badges, buttons, dialogs, menus, tooltips, charts, and long translated strings. 5. Verify keyboard focus remains visible and controls retain adequate target size and contrast. 6. Record viewport, language, browser, and screenshot for every layout defect. | D13: No essential text or control is clipped, overlapped, misaligned, or unreachable at any supported size or zoom; wrapping, scrolling, focus, contrast, and responsive behavior remain usable in LTR and RTL layouts. | E13: Medium | F13: Not Executed
